date,Thailand,Myanmar,Cambodia,Vietnam,P_Malaysia,Lao_PDR
2018-01-01,55,10,122,2,0,9
2018-01-02,92,7,255,6,0,16
2018-01-03,51,0,200,27,0,39
2018-01-04,38,0,163,1,0,24
2018-01-05,47,3,4,0,0,0
2018-01-06,34,14,2,0,0,15
2018-01-07,34,12,45,1,0,3
2018-01-08,31,17,44,25,0,9
2018-01-09,29,16,42,6,0,22
2018-01-10,2,22,112,7,0,4
2018-01-11,4,69,214,3,0,4
2018-01-12,64,54,494,10,0,33
2018-01-13,82,19,641,11,0,61
2018-01-14,49,5,415,18,0,36
2018-01-15,2,9,72,8,0,17
2018-01-16,50,35,77,4,0,4
2018-01-17,92,51,87,2,0,25
2018-01-18,134,20,616,28,0,85
2018-01-19,93,24,272,53,0,52
2018-01-20,40,22,271,5,0,34
2018-01-21,21,32,56,8,0,17
2018-01-22,74,71,7,9,0,20
2018-01-23,158,70,90,36,0,59
2018-01-24,128,33,75,55,0,82
2018-01-25,32,27,200,48,0,36
2018-01-26,11,44,104,10,0,10
2018-01-27,19,100,104,3,0,7
2018-01-28,84,115,52,4,0,32
2018-01-29,101,48,170,29,2,58
2018-01-30,26,18,376,43,0,13
2018-01-31,46,43,217,30,0,10
2018-02-01,71,117,313,20,0,10
2018-02-02,124,131,483,28,0,36
2018-02-03,134,56,1251,51,0,119
2018-02-04,157,21,967,86,1,103
2018-02-05,67,27,517,54,0,46
2018-02-06,67,65,186,18,0,23
2018-02-07,173,126,370,19,0,38
2018-02-08,270,71,369,26,3,83
2018-02-09,81,11,204,118,1,112
2018-02-10,75,32,109,47,0,75
2018-02-11,84,63,98,20,0,38
2018-02-12,116,154,235,7,2,32
2018-02-13,267,181,509,13,5,96
2018-02-14,230,75,682,54,1,195
2018-02-15,111,55,329,92,1,147
2018-02-16,58,106,99,28,1,57
2018-02-17,141,249,113,23,1,74
2018-02-18,166,348,147,18,8,56
2018-02-19,106,172,300,90,6,214
2018-02-20,48,120,383,135,0,284
2018-02-21,21,148,69,70,0,50
2018-02-22,13,252,52,22,1,18
2018-02-23,17,426,65,17,0,2
2018-02-24,93,276,355,65,0,52
2018-02-25,78,110,553,107,2,116
2018-02-26,36,80,398,56,0,58
2018-02-27,48,204,220,26,0,63
2018-02-28,83,282,124,4,2,102
2018-03-01,175,369,72,31,2,165
2018-03-02,128,248,189,138,2,221
2018-03-03,75,156,86,148,0,308
2018-03-04,66,308,43,90,0,251
2018-03-05,152,555,26,138,2,330
2018-03-06,301,937,114,133,1,593
2018-03-07,230,476,415,211,1,603
2018-03-08,63,368,206,154,0,328
2018-03-09,15,314,258,80,0,117
2018-03-10,57,550,193,48,0,181
2018-03-11,133,750,341,28,1,282
2018-03-12,220,482,313,86,4,334
2018-03-13,121,260,245,131,0,818
2018-03-14,42,421,71,61,1,45
2018-03-15,44,633,35,14,0,33
2018-03-16,103,704,51,20,0,59
2018-03-17,362,304,68,50,0,246
2018-03-18,174,384,136,87,4,439
2018-03-19,85,646,85,156,1,355
2018-03-20,104,1004,50,53,1,159
2018-03-21,95,1500,33,14,0,91
2018-03-22,198,1562,45,52,1,228
2018-03-23,180,812,245,93,14,702
2018-03-24,110,819,208,157,0,623
2018-03-25,40,764,90,88,0,475
2018-03-26,35,781,35,52,2,172
2018-03-27,118,1285,215,86,2,283
2018-03-28,161,853,117,98,1,238
2018-03-29,74,657,2,17,2,354
2018-03-30,34,710,43,63,0,99
2018-03-31,24,871,13,56,0,132
2018-04-01,38,1101,8,15,0,177
2018-04-02,68,1062,56,93,4,500
2018-04-03,112,803,83,154,6,724
2018-04-04,51,316,48,161,3,671
2018-04-05,17,547,16,84,0,291
2018-04-06,32,686,25,17,2,149
2018-04-07,40,608,7,31,2,2
2018-04-08,50,70,73,61,0,312
2018-04-09,57,255,114,230,2,788
2018-04-10,72,485,86,109,0,1519
2018-04-11,273,795,26,124,2,2115
2018-04-12,481,1518,26,125,3,2282
2018-04-13,272,965,20,219,7,3193
2018-04-14,128,340,30,159,0,847
2018-04-15,60,154,23,93,0,156
2018-04-16,57,368,14,17,0,33
2018-04-17,30,552,4,14,0,0
2018-04-18,106,121,7,19,0,11
2018-04-19,74,69,22,39,1,22
2018-04-20,23,59,16,55,0,26
2018-04-21,42,149,12,80,0,25
2018-04-22,109,235,15,48,0,126
2018-04-23,354,530,31,103,4,980
2018-04-24,98,440,47,139,1,1235
2018-04-25,50,235,17,70,1,185
2018-04-26,16,102,10,47,0,1
2018-04-27,12,144,5,21,0,13
2018-04-28,2,235,6,16,0,1
2018-04-29,4,36,0,7,7,0
2018-04-30,4,30,0,9,0,9
2018-05-01,1,45,2,37,0,38
2018-05-02,0,14,0,23,0,1
2018-05-03,3,20,1,14,0,0
2018-05-04,32,13,1,1,3,4
2018-05-05,11,10,18,5,0,0
2018-05-06,6,15,6,30,0,4
2018-05-07,10,12,6,17,0,47
2018-05-08,15,27,5,44,2,151
2018-05-09,28,39,2,30,4,163
2018-05-10,21,35,2,53,7,299
2018-05-11,2,25,2,67,1,94
2018-05-12,1,3,7,64,0,28
2018-05-13,1,11,4,52,2,1
2018-05-14,6,27,0,23,2,7
2018-05-15,17,27,5,22,1,9
2018-05-16,5,35,8,64,0,89
2018-05-17,2,2,6,78,0,21
2018-05-18,3,5,4,56,2,59
2018-05-19,4,11,5,22,6,15
2018-05-20,17,6,3,6,2,4
2018-05-21,7,11,5,18,6,20
2018-05-22,0,9,1,57,0,5
2018-05-23,1,3,0,29,0,29
2018-05-24,0,0,0,14,0,0
2018-05-25,3,2,0,5,1,0
2018-05-26,4,3,3,12,2,3
2018-05-27,2,0,2,24,0,0
2018-05-28,0,0,1,18,0,0
2018-05-29,0,0,0,9,0,0
2018-05-30,0,0,0,11,0,0
2018-05-31,0,0,0,4,0,1
2018-06-01,1,0,5,16,0,2
2018-06-02,0,0,0,25,0,3
2018-06-03,1,0,0,7,0,0
2018-06-04,1,0,0,1,1,0
2018-06-05,8,1,0,0,8,0
2018-06-06,2,0,0,6,9,0
2018-06-07,0,1,1,28,0,1
2018-06-08,0,0,0,39,0,1
2018-06-09,0,0,0,3,2,0
2018-06-10,0,0,1,0,5,0
2018-06-11,0,0,0,0,0,0
2018-06-12,0,0,0,2,3,0
2018-06-13,0,0,5,2,0,0
2018-06-14,0,0,0,4,3,0
2018-06-15,1,0,2,0,1,0
2018-06-16,1,0,1,0,0,0
2018-06-17,0,0,7,3,0,0
2018-06-18,0,0,1,9,0,0
2018-06-19,0,0,0,5,0,0
2018-06-20,0,0,0,1,0,0
2018-06-21,1,0,4,8,1,0
2018-06-22,0,0,12,17,0,0
2018-06-23,0,0,6,18,0,0
2018-06-24,0,0,3,14,0,0
2018-06-25,0,0,0,0,0,0
2018-06-26,0,0,0,0,0,0
2018-06-27,0,0,0,2,2,0
2018-06-28,0,0,0,30,0,0
2018-06-29,1,0,0,18,0,0
2018-06-30,0,0,1,19,0,0
2018-07-01,1,0,9,9,0,0
2018-07-02,10,0,20,14,0,0
2018-07-03,2,0,25,19,0,0
2018-07-04,0,0,18,51,0,0
2018-07-05,0,1,0,7,0,0
2018-07-06,0,0,0,7,0,0
2018-07-07,0,0,2,0,3,0
2018-07-08,0,0,0,2,6,0
2018-07-09,2,0,4,5,0,0
2018-07-10,0,0,0,6,0,0
2018-07-11,0,0,0,0,0,0
2018-07-12,1,0,0,0,0,0
2018-07-13,0,0,0,0,3,0
2018-07-14,0,0,0,1,0,0
2018-07-15,0,0,0,0,6,0
2018-07-16,0,1,0,0,9,0
2018-07-17,0,0,0,0,7,0
2018-07-18,0,0,0,0,4,0
2018-07-19,0,1,0,0,15,0
2018-07-20,0,0,0,1,0,0
2018-07-21,0,0,0,1,0,0
2018-07-22,0,0,0,0,15,0
2018-07-23,0,0,1,0,10,0
2018-07-24,0,0,0,3,4,0
2018-07-25,0,0,3,6,0,0
2018-07-26,0,0,0,2,0,0
2018-07-27,0,0,0,0,0,0
2018-07-28,0,0,0,1,2,0
2018-07-29,0,0,1,7,1,0
2018-07-30,0,0,0,14,0,0
2018-07-31,0,0,0,9,0,0
2018-08-01,1,0,1,23,0,0
2018-08-02,3,0,0,2,0,0
2018-08-03,0,0,2,5,5,0
2018-08-04,6,0,3,9,0,0
2018-08-05,0,0,1,18,1,0
2018-08-06,0,0,0,3,0,0
2018-08-07,6,0,0,1,0,0
2018-08-08,5,0,0,1,0,0
2018-08-09,0,0,0,1,0,0
2018-08-10,0,0,0,1,0,0
2018-08-11,0,0,0,2,3,0
2018-08-12,0,0,0,0,11,0
2018-08-13,0,0,0,0,30,0
2018-08-14,0,0,0,0,18,0
2018-08-15,0,0,2,0,2,0
2018-08-16,0,0,0,2,0,0
2018-08-17,1,0,0,13,2,0
2018-08-18,1,0,0,1,2,0
2018-08-19,0,0,0,0,5,0
2018-08-20,0,0,0,4,2,0
2018-08-21,0,0,0,18,0,0
2018-08-22,0,0,0,3,0,0
2018-08-23,0,0,0,0,0,0
2018-08-24,0,0,0,1,7,0
2018-08-25,0,0,0,0,12,0
2018-08-26,0,0,0,1,2,0
2018-08-27,0,0,0,1,0,0
2018-08-28,0,0,0,0,0,0
2018-08-29,4,0,0,1,3,0
2018-08-30,1,0,0,5,11,0
2018-08-31,2,0,2,24,1,0
2018-09-01,0,0,1,23,0,0
2018-09-02,0,0,0,16,0,0
2018-09-03,0,0,0,3,0,0
2018-09-04,2,0,0,3,3,0
2018-09-05,0,0,0,9,1,0
2018-09-06,0,0,1,30,0,0
2018-09-07,1,0,0,23,1,0
2018-09-08,0,0,0,10,0,0
2018-09-09,11,0,0,0,1,0
2018-09-10,2,0,0,2,1,0
2018-09-11,3,0,0,9,0,0
2018-09-12,0,0,0,10,0,0
2018-09-13,0,0,0,0,0,0
2018-09-14,0,1,0,0,0,0
2018-09-15,3,0,0,0,1,0
2018-09-16,0,1,0,15,0,0
2018-09-17,0,1,0,6,0,0
2018-09-18,0,0,0,1,0,0
2018-09-19,0,0,0,0,0,0
2018-09-20,5,0,1,1,0,0
2018-09-21,3,0,0,6,0,0
2018-09-22,0,0,0,4,0,1
2018-09-23,0,0,0,0,1,0
2018-09-24,0,1,0,3,1,0
2018-09-25,9,1,0,4,9,0
2018-09-26,9,0,1,14,6,0
2018-09-27,1,0,2,66,3,0
2018-09-28,0,0,0,10,1,0
2018-09-29,1,0,0,3,0,0
2018-09-30,1,0,0,0,17,0
2018-10-01,1,0,1,0,11,0
2018-10-02,0,0,1,7,6,0
2018-10-03,1,0,0,5,0,0
2018-10-04,0,0,0,0,0,0
2018-10-05,2,0,0,0,0,2
2018-10-06,4,0,1,7,0,3
2018-10-07,1,0,2,41,2,2
2018-10-08,1,0,0,39,0,4
2018-10-09,0,0,0,20,0,4
2018-10-10,1,0,0,3,0,0
2018-10-11,6,0,0,1,0,0
2018-10-12,3,0,5,1,0,1
2018-10-13,0,0,3,8,0,2
2018-10-14,0,0,4,5,0,1
2018-10-15,0,0,0,0,0,0
2018-10-16,8,1,0,0,0,0
2018-10-17,14,0,0,5,5,0
2018-10-18,1,3,0,23,0,1
2018-10-19,0,0,0,2,0,0
2018-10-20,0,0,0,0,0,0
2018-10-21,0,0,0,0,0,0
2018-10-22,1,3,0,1,4,0
2018-10-23,2,0,1,14,0,1
2018-10-24,0,0,0,4,0,1
2018-10-25,0,0,0,4,0,1
2018-10-26,1,0,0,3,0,0
2018-10-27,1,0,1,0,2,1
2018-10-28,3,0,4,4,0,3
2018-10-29,1,0,3,4,0,6
2018-10-30,0,0,1,5,0,7
2018-10-31,2,1,0,7,0,1
2018-11-01,10,6,0,2,0,2
2018-11-02,15,5,14,37,0,2
2018-11-03,3,0,7,44,0,7
2018-11-04,0,0,1,24,0,2
2018-11-05,1,3,0,2,0,1
2018-11-06,2,11,2,1,0,0
2018-11-07,8,4,1,2,1,2
2018-11-08,5,2,0,4,1,0
2018-11-09,0,0,3,2,0,0
2018-11-10,0,0,1,0,0,0
2018-11-11,0,1,0,1,0,0
2018-11-12,14,6,1,1,1,0
2018-11-13,5,1,4,5,0,0
2018-11-14,1,0,4,13,0,1
2018-11-15,4,3,1,6,0,0
2018-11-16,3,19,3,2,0,0
2018-11-17,31,34,1,3,0,1
2018-11-18,21,7,7,2,0,2
2018-11-19,9,1,6,4,0,6
2018-11-20,1,1,12,1,0,2
2018-11-21,7,8,17,6,0,4
2018-11-22,14,36,18,1,0,2
2018-11-23,46,14,15,1,3,4
2018-11-24,27,1,17,3,1,10
2018-11-25,16,0,4,5,0,1
2018-11-26,1,8,0,2,0,1
2018-11-27,24,43,0,1,0,0
2018-11-28,28,24,8,11,0,2
2018-11-29,30,8,14,17,0,8
2018-11-30,18,4,11,16,0,3
2018-12-01,2,6,23,4,0,3
2018-12-02,36,31,22,7,0,5
2018-12-03,103,21,16,2,0,3
2018-12-04,101,35,68,21,0,17
2018-12-05,56,9,49,45,0,13
2018-12-06,27,9,51,7,0,5
2018-12-07,4,5,0,0,0,0
2018-12-08,0,43,1,0,0,0
2018-12-09,11,24,27,0,0,0
2018-12-10,25,4,86,11,0,6
2018-12-11,16,2,86,2,0,7
2018-12-12,1,5,51,7,0,2
2018-12-13,43,14,60,0,0,4
2018-12-14,114,13,237,0,0,11
2018-12-15,89,8,119,7,0,10
2018-12-16,63,4,252,7,0,17
2018-12-17,28,22,141,9,0,4
2018-12-18,41,45,143,10,0,3
2018-12-19,128,25,252,1,0,13
2018-12-20,129,3,296,18,0,22
2018-12-21,74,3,183,43,0,23
2018-12-22,30,16,157,17,0,16
2018-12-23,20,38,73,0,0,1
2018-12-24,58,84,201,1,0,15
2018-12-25,151,29,268,16,0,27
2018-12-26,74,8,293,45,0,32
2018-12-27,30,14,41,4,0,8
2018-12-28,13,32,3,0,0,3
2018-12-29,1,54,0,0,2,0
2018-12-30,16,41,103,0,2,10
2018-12-31,119,19,474,0,1,9
2019-01-01,100,71,165,0,1,8
2019-01-02,189,48,98,0,0,14
2019-01-03,57,10,282,7,0,21
2019-01-04,3,19,371,4,2,34
2019-01-05,2,33,191,16,0,14
2019-01-06,16,85,173,3,0,7
2019-01-07,108,13,702,33,1,37
2019-01-08,79,1,602,14,0,58
2019-01-09,27,3,387,18,0,32
2019-01-10,21,7,181,6,0,22
2019-01-11,11,25,172,2,0,17
2019-01-12,90,23,267,4,1,26
2019-01-13,197,14,947,24,2,37
2019-01-14,80,16,737,75,1,55
2019-01-15,43,21,331,19,0,29
2019-01-16,60,60,95,2,0,9
2019-01-17,114,77,189,1,0,17
2019-01-18,176,53,588,8,0,36
2019-01-19,60,16,715,20,1,64
2019-01-20,92,11,392,8,0,55
2019-01-21,60,30,110,9,0,31
2019-01-22,115,51,157,2,0,22
2019-01-23,238,73,319,5,3,46
2019-01-24,247,39,918,71,1,98
2019-01-25,152,20,428,60,0,69
2019-01-26,105,53,198,5,0,26
2019-01-27,110,79,204,12,1,24
2019-01-28,281,114,281,34,0,49
2019-01-29,261,26,640,49,3,126
2019-01-30,105,14,329,57,0,82
2019-01-31,89,25,153,35,0,44
2019-02-01,90,77,167,32,0,41
2019-02-02,185,170,234,12,0,61
2019-02-03,297,108,250,41,3,137
2019-02-04,165,43,136,46,2,147
2019-02-05,95,52,87,18,0,127
2019-02-06,115,113,41,31,1,46
2019-02-07,177,204,89,43,2,112
2019-02-08,484,219,177,128,12,209
2019-02-09,409,66,233,201,4,335
2019-02-10,185,29,184,160,1,167
2019-02-11,62,52,194,73,2,49
2019-02-12,101,224,241,16,8,135
2019-02-13,194,320,318,51,2,135
2019-02-14,246,155,356,90,11,318
2019-02-15,103,71,359,171,3,215
2019-02-16,51,125,160,66,1,111
2019-02-17,54,267,50,27,5,35
2019-02-18,150,345,98,17,2,17
2019-02-19,267,193,294,59,0,185
2019-02-20,128,87,93,125,1,207
2019-02-21,79,95,78,107,6,143
2019-02-22,120,222,48,30,9,110
2019-02-23,216,478,100,80,12,232
2019-02-24,417,434,177,105,34,271
2019-02-25,210,158,309,154,21,361
2019-02-26,63,88,313,137,2,335
2019-02-27,47,126,161,75,0,193
2019-02-28,109,248,127,46,3,306
2019-03-01,170,550,135,63,6,207
2019-03-02,228,296,216,164,9,566
2019-03-03,90,143,174,225,5,426
2019-03-04,72,234,121,129,0,236
2019-03-05,157,296,125,89,3,305
2019-03-06,469,260,220,85,8,427
2019-03-07,508,95,473,122,13,833
2019-03-08,185,12,268,170,13,459
2019-03-09,220,247,170,105,7,717
2019-03-10,192,468,59,52,9,698
2019-03-11,434,897,277,112,1,789
2019-03-12,801,1015,490,148,25,1243
2019-03-13,560,592,332,216,15,1312
2019-03-14,185,423,126,150,3,923
2019-03-15,89,606,79,86,14,400
2019-03-16,109,835,126,51,18,608
2019-03-17,243,1264,182,82,69,982
2019-03-18,197,613,326,167,41,916
2019-03-19,82,370,248,169,32,881
2019-03-20,44,501,123,108,11,471
2019-03-21,168,935,55,96,13,758
2019-03-22,354,2002,139,167,8,1060
2019-03-23,431,1486,187,181,17,1696
2019-03-24,160,687,27,40,16,1050
2019-03-25,63,921,4,36,2,767
2019-03-26,61,1227,72,25,0,825
2019-03-27,74,1513,136,82,2,372
2019-03-28,170,1173,95,106,6,831
2019-03-29,182,1155,158,131,5,1090
2019-03-30,40,702,133,61,0,122
2019-03-31,140,966,11,37,0,1267
2019-04-01,229,1176,10,43,0,711
2019-04-02,277,1531,37,83,0,1094
2019-04-03,130,674,54,57,1,825
2019-04-04,57,550,9,62,5,234
2019-04-05,40,878,13,60,0,242
2019-04-06,48,1332,20,79,2,314
2019-04-07,86,998,63,43,11,520
2019-04-08,188,721,55,72,9,761
2019-04-09,93,494,48,169,4,1151
2019-04-10,89,698,45,195,0,1104
2019-04-11,99,765,29,147,0,1617
2019-04-12,124,1380,57,151,1,1603
2019-04-13,199,1767,37,123,15,1075
2019-04-14,166,329,57,109,1,701
2019-04-15,69,477,22,71,9,418
2019-04-16,98,437,22,54,2,376
2019-04-17,129,522,20,77,0,358
2019-04-18,228,1123,44,168,13,639
2019-04-19,172,553,127,250,11,985
2019-04-20,109,446,81,321,12,788
2019-04-21,88,305,37,137,0,456
2019-04-22,50,243,39,107,4,191
2019-04-23,95,538,50,43,0,55
2019-04-24,150,429,87,54,4,204
2019-04-25,52,229,35,117,1,352
2019-04-26,47,211,53,118,2,262
2019-04-27,46,331,68,31,0,108
2019-04-28,106,387,28,14,0,73
2019-04-29,212,304,226,65,4,114
2019-04-30,138,168,85,45,2,90
2019-05-01,180,79,77,42,3,59
2019-05-02,75,63,69,41,0,59
2019-05-03,117,84,50,4,3,55
2019-05-04,100,28,43,13,6,22
2019-05-05,30,27,0,9,16,43
2019-05-06,13,24,38,49,12,30
2019-05-07,11,51,2,25,2,20
2019-05-09,14,331,0,15,3,43
2019-05-10,29,242,3,10,8,65
2019-05-11,21,80,0,16,2,32
2019-05-12,7,36,0,25,0,42
2019-05-13,4,21,0,16,0,18
2019-05-14,3,33,1,6,2,5
2019-05-15,13,68,0,22,3,20
2019-05-16,11,31,18,45,1,36
2019-05-17,10,16,8,111,0,47
2019-05-18,17,41,9,104,0,60
2019-05-19,20,75,23,140,1,136
2019-05-20,74,199,22,46,1,152
2019-05-21,11,79,22,14,3,17
2019-05-22,0,30,14,27,0,3
2019-05-23,1,11,4,21,0,3
2019-05-24,1,8,2,10,1,4
2019-05-25,15,7,4,7,3,7
2019-05-26,10,5,12,8,10,18
2019-05-27,5,12,6,32,7,11
2019-05-28,0,12,2,32,7,2
2019-05-29,0,9,0,2,1,1
2019-05-30,0,17,0,1,0,0
2019-05-31,3,16,2,12,3,0
2019-06-01,0,4,6,26,5,0
2019-06-02,1,4,3,26,0,3
2019-06-03,1,2,0,22,0,0
2019-06-04,4,0,3,8,0,0
2019-06-05,1,2,8,1,2,1
2019-06-06,5,0,1,10,0,0
2019-06-07,2,0,2,78,0,11
2019-06-08,0,0,2,66,0,0
2019-06-09,1,1,0,41,0,0
2019-06-10,1,4,0,4,5,1
2019-06-11,1,0,4,12,0,1
2019-06-12,4,0,7,24,0,4
2019-06-13,0,0,6,40,0,0
2019-06-14,0,0,0,10,0,0
2019-06-15,1,0,14,1,0,0
2019-06-16,1,0,2,0,2,0
2019-06-17,0,0,4,6,0,0
2019-06-18,0,0,0,14,0,0
2019-06-19,0,0,2,24,0,0
2019-06-20,0,0,6,16,3,0
2019-06-21,5,0,12,7,0,1
2019-06-22,12,1,13,24,0,9
2019-06-23,0,0,17,25,0,0
2019-06-24,0,0,1,14,0,0
2019-06-25,0,0,0,0,0,0
2019-06-26,1,0,10,6,0,0
2019-06-27,2,0,15,7,2,2
2019-06-28,0,1,4,23,1,3
2019-06-29,0,0,2,19,4,0
2019-06-30,3,0,0,3,0,1
2019-07-01,3,0,0,0,2,0
2019-07-02,1,0,0,1,8,0
2019-07-03,0,1,0,0,0,0
2019-07-04,0,0,0,11,2,0
2019-07-05,0,0,1,10,0,0
2019-07-06,4,0,0,7,2,0
2019-07-07,1,0,1,0,1,0
2019-07-08,1,0,4,5,6,0
2019-07-09,1,0,16,23,2,0
2019-07-10,0,0,6,23,0,0
2019-07-11,0,0,6,5,2,0
2019-07-12,2,0,29,11,7,0
2019-07-13,6,1,32,13,7,0
2019-07-14,0,0,16,25,2,0
2019-07-15,1,0,20,17,0,1
2019-07-16,0,0,20,17,0,3
2019-07-17,3,1,8,1,1,0
2019-07-18,8,1,16,0,2,0
2019-07-19,8,2,19,0,7,2
2019-07-20,2,0,3,16,2,2
2019-07-21,0,0,0,6,2,0
2019-07-22,1,0,1,5,0,0
2019-07-23,1,0,7,2,8,0
2019-07-24,4,0,9,14,3,0
2019-07-25,0,0,0,3,0,0
2019-07-26,0,0,3,6,0,0
2019-07-27,0,0,0,15,0,0
2019-07-28,2,0,2,2,9,0
2019-07-29,5,0,0,23,17,1
2019-07-30,2,0,16,3,7,0
2019-07-31,0,0,0,4,2,0
2019-08-01,0,0,0,0,9,0
2019-08-02,0,0,0,0,4,0
2019-08-03,1,0,0,0,8,0
2019-08-04,1,0,0,0,12,0
2019-08-05,0,0,0,4,3,0
2019-08-06,5,0,0,5,0,0
2019-08-07,0,0,0,2,1,0
2019-08-08,3,0,0,2,12,0
2019-08-09,0,0,2,2,0,0
2019-08-10,2,0,0,17,0,0
2019-08-11,0,0,0,17,0,0
2019-08-12,0,0,0,22,1,0
2019-08-13,0,0,0,8,6,0
2019-08-14,0,0,1,3,3,0
2019-08-15,1,0,1,7,0,0
2019-08-16,0,0,0,7,0,0
2019-08-17,0,1,0,9,0,0
2019-08-18,2,0,14,8,1,0
2019-08-19,5,0,27,11,7,0
2019-08-20,3,0,0,3,12,0
2019-08-21,0,0,19,2,2,0
2019-08-22,1,0,0,3,0,0
2019-08-23,0,0,0,1,0,0
2019-08-24,0,0,0,2,5,0
2019-08-25,4,1,4,0,0,0
2019-08-26,0,1,0,9,0,0
2019-08-27,0,0,0,36,0,0
2019-08-28,1,0,1,0,0,0
2019-08-29,0,1,0,0,1,0
2019-08-30,0,0,0,0,4,0
2019-08-31,0,1,0,1,0,0
2019-09-01,0,0,0,1,0,0
2019-09-02,0,0,0,0,3,0
2019-09-03,0,0,0,0,1,0
2019-09-04,0,0,0,0,3,0
2019-09-05,0,0,0,0,1,0
2019-09-06,4,0,0,15,5,0
2019-09-07,1,0,0,24,3,0
2019-09-08,3,0,0,15,3,1
2019-09-09,3,0,2,10,4,0
2019-09-10,1,0,0,5,3,0
2019-09-11,0,0,0,19,1,0
2019-09-12,0,0,5,27,3,0
2019-09-13,0,0,0,1,1,0
2019-09-14,2,0,0,0,1,1
2019-09-15,19,1,0,4,0,1
2019-09-16,9,1,0,20,3,3
2019-09-17,2,0,0,28,0,4
2019-09-18,2,1,0,5,0,0
2019-09-19,1,1,0,0,0,0
2019-09-20,4,1,0,0,3,0
2019-09-21,0,1,0,1,6,0
2019-09-22,0,0,0,13,2,0
2019-09-23,0,0,0,6,0,0
2019-09-24,0,0,0,3,1,0
2019-09-25,8,1,0,3,0,0
2019-09-26,27,1,0,1,0,1
2019-09-27,7,0,1,20,1,2
2019-09-28,0,1,0,18,0,0
2019-09-29,2,0,0,16,0,2
2019-09-30,16,5,0,10,0,0
2019-10-01,47,1,0,13,2,3
2019-10-02,11,0,5,58,0,4
2019-10-03,0,0,0,69,0,0
2019-10-04,0,0,0,33,0,0
2019-10-05,0,4,0,2,1,0
2019-10-06,14,0,0,7,0,0
2019-10-07,11,1,2,7,0,4
2019-10-08,0,1,0,31,0,1
2019-10-09,0,0,0,3,0,0
2019-10-10,2,0,0,0,0,0
2019-10-11,8,3,0,5,1,0
2019-10-12,10,1,1,9,3,0
2019-10-13,4,0,0,36,0,0
2019-10-14,1,0,0,0,0,0
2019-10-15,1,0,0,0,0,0
2019-10-16,3,5,0,0,1,1
2019-10-17,8,4,1,2,2,0
2019-10-18,4,2,3,0,0,4
2019-10-19,2,0,3,6,0,3
2019-10-20,0,3,1,0,0,2
2019-10-21,3,12,0,0,1,0
2019-10-22,24,8,1,2,0,1
2019-10-23,8,6,4,49,0,6
2019-10-24,3,0,0,92,0,3
2019-10-25,0,4,3,13,0,1
2019-10-26,1,21,0,2,0,0
2019-10-27,10,16,2,1,0,2
2019-10-28,12,16,4,4,0,3
2019-10-29,4,3,1,4,1,3
2019-10-30,0,4,0,9,0,5
2019-10-31,1,10,0,1,0,2
2019-11-01,0,55,0,0,0,0
2019-11-02,4,11,0,1,1,0
2019-11-03,2,11,0,1,0,0
2019-11-04,0,1,0,4,0,0
2019-11-05,0,0,0,3,0,0
2019-11-06,4,13,0,1,0,1
2019-11-07,14,5,0,2,1,0
2019-11-08,10,2,3,11,0,3
2019-11-09,2,0,2,23,0,0
2019-11-10,1,2,0,2,0,0
2019-11-11,1,13,0,3,0,0
2019-11-12,36,33,0,7,0,1
2019-11-13,8,15,0,22,1,1
2019-11-14,2,0,1,12,0,5
2019-11-15,0,2,4,3,0,0
2019-11-16,2,14,0,1,0,1
2019-11-17,33,33,0,10,0,2
2019-11-18,31,21,7,23,3,13
2019-11-19,18,5,10,36,1,7
2019-11-20,5,2,0,5,0,5
2019-11-21,7,12,1,0,0,3
2019-11-22,18,37,0,2,0,2
2019-11-23,63,20,4,8,0,13
2019-11-24,45,7,10,37,1,15
2019-11-25,28,1,13,40,0,10
2019-11-26,12,7,10,8,0,4
2019-11-27,11,29,0,3,0,3
2019-11-28,73,54,1,2,0,6
2019-11-29,101,13,11,16,0,9
2019-11-30,48,5,14,10,0,9
2019-12-01,3,6,0,0,0,0
2019-12-02,13,15,1,0,0,0
2019-12-03,61,36,4,9,0,3
2019-12-04,152,23,41,27,0,14
2019-12-05,129,9,47,43,1,29
2019-12-06,41,5,31,29,0,24
2019-12-07,25,16,22,13,0,10
2019-12-08,89,63,29,10,0,6
2019-12-09,169,46,63,22,3,17
2019-12-10,89,4,72,69,0,31
2019-12-11,40,6,48,58,0,9
2019-12-12,23,15,11,21,0,6
2019-12-13,53,42,10,14,0,3
2019-12-14,141,61,103,5,0,14
2019-12-15,135,19,187,14,0,29
2019-12-16,61,3,116,31,0,16
2019-12-17,21,14,46,15,0,12
2019-12-18,28,47,16,8,0,7
2019-12-19,62,53,16,5,0,7
2019-12-20,127,28,239,7,2,21
2019-12-21,87,21,353,19,0,23
2019-12-22,22,10,144,21,0,15
2019-12-23,46,33,51,23,1,8
2019-12-24,112,74,105,6,0,15
2019-12-25,197,56,260,29,3,36
2019-12-26,76,12,136,29,1,17
2019-12-27,66,6,320,35,1,15
2019-12-28,35,26,274,9,0,18
2019-12-29,66,56,226,4,1,12
2019-12-30,202,66,161,4,3,11
2019-12-31,145,46,620,24,2,34
2020-01-01,35,11,693,25,2,31
2020-01-02,24,14,201,5,0,14
2020-01-03,52,29,91,8,0,3
2020-01-04,110,55,427,2,2,21
2020-01-05,27,1,836,36,4,20
2020-01-06,119,17,780,39,0,57
2020-01-07,49,10,248,33,0,21
2020-01-08,59,48,129,9,0,12
2020-01-09,106,76,272,20,0,19
2020-01-10,219,94,600,39,2,42
2020-01-11,156,31,378,63,0,79
2020-01-12,88,14,243,25,0,38
2020-01-13,63,40,386,46,0,20
2020-01-14,73,121,493,23,5,22
2020-01-15,132,138,521,39,11,39
2020-01-16,174,71,792,71,6,117
2020-01-17,99,25,654,77,2,83
2020-01-18,80,40,379,63,0,43
2020-01-19,70,58,251,18,0,16
2020-01-20,134,188,557,21,0,37
2020-01-21,221,162,689,54,0,92
2020-01-22,113,62,712,66,3,89
2020-01-23,52,49,346,47,2,66
2020-01-24,30,90,138,6,10,7
2020-01-25,191,327,174,5,2,38
2020-01-26,517,240,144,3,3,65
2020-01-27,287,97,387,12,4,28
2020-01-28,72,49,250,26,3,16
2020-01-29,53,87,82,23,0,14
2020-01-30,91,160,89,9,3,2
2020-01-31,232,222,211,26,3,41
2020-02-01,216,127,754,66,3,102
2020-02-02,128,57,678,99,3,90
2020-02-03,47,146,322,78,0,57
2020-02-04,79,218,161,38,2,44
2020-02-05,144,426,380,20,2,52
2020-02-06,216,269,495,85,5,113
2020-02-07,153,112,608,126,5,168
2020-02-08,92,83,301,45,2,92
2020-02-09,62,195,244,8,0,59
2020-02-10,122,235,6,2,0,34
2020-02-11,227,341,134,22,5,128
2020-02-12,226,186,280,70,1,207
2020-02-13,81,131,176,128,0,157
2020-02-14,113,251,91,72,2,198
2020-02-15,228,298,153,90,1,230
2020-02-16,461,418,210,81,5,232
2020-02-17,390,187,241,47,1,184
2020-02-18,144,177,657,133,0,264
2020-02-19,82,237,330,53,0,138
2020-02-20,110,388,268,21,1,79
2020-02-21,333,555,399,22,1,101
2020-02-22,455,403,1028,175,6,270
2020-02-23,250,127,953,238,2,424
2020-02-24,125,100,358,166,0,177
2020-02-25,129,180,168,48,1,249
2020-02-26,195,396,108,48,3,209
2020-02-27,152,312,156,56,20,256
2020-02-28,175,159,505,183,6,387
2020-02-29,92,237,221,125,10,348
2020-03-01,84,414,56,76,4,256
2020-03-02,104,595,84,59,3,340
2020-03-03,158,646,106,67,10,345
2020-03-04,60,327,135,84,7,143
2020-03-05,36,262,126,61,0,109
2020-03-06,17,224,37,46,0,25
2020-03-07,59,421,27,50,0,79
2020-03-08,275,1090,133,103,13,254
2020-03-09,508,1064,300,348,11,782
2020-03-10,293,634,313,302,5,1143
2020-03-11,145,663,83,110,0,686
2020-03-12,179,848,95,148,4,1345
2020-03-13,284,1355,142,186,2,1522
2020-03-14,398,1484,157,141,1,1295
2020-03-15,72,571,398,124,7,715
2020-03-16,34,483,150,128,4,554
2020-03-17,74,1067,89,53,2,720
2020-03-18,137,1580,72,106,4,572
2020-03-19,213,1698,160,121,8,650
2020-03-20,130,886,145,145,6,530
2020-03-21,128,407,263,163,5,897
2020-03-22,64,621,52,122,0,596
2020-03-23,123,822,42,97,1,370
2020-03-24,265,1732,99,67,2,464
2020-03-25,321,1726,184,65,5,419
2020-03-26,202,903,72,115,3,684
2020-03-27,107,1111,74,128,2,584
2020-03-28,160,1684,53,96,4,1293
2020-03-29,310,1660,100,211,3,1336
2020-03-30,587,2045,189,330,8,1693
2020-03-31,283,1149,154,343,7,3953
2020-04-01,175,949,69,174,8,2163
2020-04-02,193,1180,64,110,0,1073
2020-04-03,188,1311,104,82,1,739
2020-04-04,390,2078,126,85,1,834
2020-04-05,178,769,200,55,2,528
2020-04-06,74,721,24,77,0,289
2020-04-07,33,715,22,15,0,135
2020-04-08,70,591,10,35,0,128
2020-04-09,112,892,18,4,0,170
2020-04-10,107,527,7,25,5,192
2020-04-11,61,413,14,82,8,318
2020-04-12,36,257,19,49,4,242
2020-04-13,17,382,0,0,0,18
2020-04-14,26,489,5,3,2,53
2020-04-15,70,637,6,18,8,215
2020-04-16,53,221,26,41,24,775
2020-04-17,15,140,6,68,0,484
2020-04-18,13,309,13,34,0,156
2020-04-19,63,339,10,52,8,345
2020-04-20,108,424,46,99,33,835
2020-04-21,86,308,78,234,7,1560
2020-04-22,56,111,26,120,0,428
2020-04-23,14,143,25,41,0,63
2020-04-24,14,158,8,9,0,0
2020-04-25,14,114,7,5,1,2
2020-04-26,21,59,58,12,0,10
2020-04-27,4,5,21,9,0,21
2020-04-28,27,7,71,66,0,82
2020-04-29,9,4,17,39,0,81
2020-04-30,18,36,24,22,0,33
2020-05-01,26,36,22,26,0,14
2020-05-02,22,25,12,59,1,35
2020-05-03,13,21,12,102,0,63
2020-05-04,15,76,7,96,0,123
2020-05-05,62,96,18,86,0,379
2020-05-06,103,148,23,95,1,382
2020-05-07,60,100,27,115,1,459
2020-05-08,24,120,17,74,0,97
2020-05-09,7,110,17,61,0,32
2020-05-10,15,101,0,66,0,26
2020-05-11,15,195,0,3,1,19
2020-05-12,26,37,15,15,2,31
2020-05-13,12,22,28,60,0,27
2020-05-14,3,20,13,50,0,6
2020-05-15,6,39,5,33,0,19
2020-05-16,25,76,4,17,0,25
2020-05-17,16,10,5,8,0,30
2020-05-18,9,23,21,29,0,7
2020-05-19,1,3,22,55,0,32
2020-05-20,1,0,15,30,0,13
2020-05-21,1,0,0,21,0,2
2020-05-22,11,2,23,2,0,1
2020-05-23,10,5,1,8,0,37
2020-05-24,1,2,1,17,0,4
2020-05-25,3,7,3,32,0,9
2020-05-26,6,12,0,33,0,4
2020-05-27,7,2,4,0,0,11
2020-05-28,11,0,1,3,0,1
2020-05-29,1,0,0,17,0,2
2020-05-30,0,0,1,30,0,0
2020-05-31,1,0,1,22,0,0
2020-06-01,2,0,0,14,0,2
2020-06-02,6,1,0,9,2,0
2020-06-03,7,3,4,25,2,3
2020-06-04,1,0,3,50,0,7
2020-06-05,0,0,1,31,0,1
2020-06-06,0,1,1,11,0,0
2020-06-07,2,0,3,5,0,0
2020-06-08,1,0,13,34,0,0
2020-06-09,2,1,13,34,0,2
2020-06-10,0,0,0,16,0,0
2020-06-11,0,1,0,11,0,0
2020-06-12,6,0,3,1,0,0
2020-06-13,6,0,9,3,0,2
2020-06-14,0,0,0,0,0,1
2020-06-15,0,0,0,1,0,0
2020-06-16,0,0,0,2,0,0
2020-06-17,0,0,2,0,0,0
2020-06-18,0,0,1,6,0,0
2020-06-19,1,0,4,5,0,0
2020-06-20,0,0,2,35,0,0
2020-06-21,2,0,0,16,0,2
2020-06-22,1,1,2,11,0,0
2020-06-23,1,3,3,3,0,0
2020-06-24,7,0,5,11,0,1
2020-06-25,1,0,3,7,0,1
2020-06-26,0,0,4,15,0,0
2020-06-27,0,0,0,10,0,1
2020-06-28,1,0,2,0,0,2
2020-06-29,4,0,3,0,0,0
2020-06-30,2,0,0,4,0,0
2020-07-01,0,0,0,8,0,0
2020-07-02,0,0,0,5,0,0
2020-07-03,0,0,0,0,1,0
2020-07-04,0,0,0,2,0,0
2020-07-05,3,0,5,14,1,0
2020-07-06,1,0,2,27,0,1
2020-07-07,0,0,0,20,0,0
2020-07-08,1,0,0,12,0,0
2020-07-09,2,0,0,7,0,0
2020-07-10,5,0,6,11,0,1
2020-07-11,1,0,3,25,0,2
2020-07-12,1,0,1,21,0,0
2020-07-13,0,0,0,17,0,0
2020-07-14,0,0,3,6,0,0
2020-07-15,0,0,1,6,2,0
2020-07-16,2,1,5,16,1,0
2020-07-17,0,0,2,30,0,1
2020-07-18,0,0,1,7,0,0
2020-07-19,0,0,3,12,1,0
2020-07-20,2,0,0,1,1,0
2020-07-21,2,0,1,4,4,0
2020-07-22,1,0,0,18,0,1
2020-07-23,0,0,0,14,0,1
2020-07-24,1,0,0,4,0,0
2020-07-25,3,0,1,5,0,0
2020-07-26,3,0,1,15,1,3
2020-07-27,0,0,2,19,0,0
2020-07-28,0,0,0,24,0,0
2020-07-29,1,0,0,11,0,0
2020-07-30,0,0,0,4,0,1
2020-07-31,5,0,0,1,0,0
2020-08-01,1,0,0,0,0,0
2020-08-02,0,0,0,0,0,0
2020-08-03,0,0,0,0,0,0
2020-08-04,0,0,0,0,0,0
2020-08-05,0,0,0,0,0,0
2020-08-06,5,0,2,0,1,0
2020-08-07,0,0,0,8,1,0
2020-08-08,0,0,0,19,1,0
2020-08-09,2,0,0,15,3,0
2020-08-10,2,0,0,8,1,0
2020-08-11,2,0,2,6,0,0
2020-08-12,0,0,1,17,0,1
2020-08-13,0,0,0,0,0,0
2020-08-14,0,0,0,2,0,0
2020-08-15,0,0,0,0,0,0
2020-08-16,0,0,1,10,6,0
2020-08-17,2,0,1,4,0,0
2020-08-18,0,0,2,19,0,0
2020-08-19,0,0,0,3,0,0
2020-08-20,5,0,0,0,1,0
2020-08-21,3,0,2,0,4,0
2020-08-22,2,0,3,7,0,0
2020-08-23,0,0,1,35,0,0
2020-08-24,0,0,3,25,0,1
2020-08-25,6,1,1,23,2,0
2020-08-26,30,0,5,13,4,1
2020-08-27,2,0,4,12,5,0
2020-08-28,1,0,5,30,0,1
2020-08-29,0,0,1,38,0,0
2020-08-30,4,0,1,31,0,0
2020-08-31,2,0,1,3,0,0
2020-09-01,1,1,0,1,1,0
2020-09-02,5,0,0,7,1,2
2020-09-03,0,0,0,27,0,0
2020-09-04,1,0,0,4,0,0
2020-09-05,0,0,2,11,0,0
2020-09-06,13,2,1,11,0,0
2020-09-07,0,0,4,11,0,0
2020-09-08,0,0,5,38,1,0
2020-09-09,0,0,1,16,1,0
2020-09-10,1,0,0,4,0,0
2020-09-11,11,1,0,3,0,0
2020-09-12,1,0,1,9,0,0
2020-09-13,0,0,1,32,0,0
2020-09-14,0,0,0,20,0,0
2020-09-15,0,0,0,8,0,0
2020-09-16,4,0,0,1,0,0
2020-09-17,2,1,0,1,4,0
2020-09-18,0,0,0,0,0,0
2020-09-19,0,0,0,0,1,0
2020-09-20,0,0,0,0,0,0
2020-09-21,0,0,0,0,1,0
2020-09-22,1,0,0,2,1,0
2020-09-23,1,0,0,3,1,0
2020-09-24,1,0,1,18,1,0
2020-09-25,0,0,0,12,0,0
2020-09-26,1,0,0,0,0,0
2020-09-27,10,2,0,0,0,0
2020-09-28,2,1,0,0,2,0
2020-09-29,0,1,0,3,2,1
2020-09-30,0,0,0,12,0,0
2020-10-01,1,0,0,2,0,0
2020-10-02,1,2,0,0,0,0
2020-10-03,0,0,0,2,0,0
2020-10-04,0,0,2,7,0,0
2020-10-05,0,0,0,4,0,0
2020-10-06,0,0,0,0,0,0
2020-10-07,0,2,0,0,0,0
2020-10-08,0,1,0,0,1,0
2020-10-09,1,1,0,3,0,0
2020-10-10,0,1,0,11,0,0
2020-10-11,0,1,0,2,0,4
2020-10-12,0,5,0,0,0,0
2020-10-13,0,2,0,1,0,0
2020-10-14,1,5,0,0,0,0
2020-10-15,0,1,0,0,0,0
2020-10-16,0,0,0,0,0,0
2020-10-17,0,0,0,0,1,0
2020-10-18,0,1,0,0,0,0
2020-10-19,0,0,0,2,3,0
2020-10-20,0,0,0,2,0,0
2020-10-21,1,0,0,2,0,0
2020-10-22,0,1,0,1,0,0
2020-10-23,0,2,0,3,0,0
2020-10-24,11,0,1,7,1,2
2020-10-25,6,1,2,12,0,6
2020-10-26,0,0,0,24,0,0
2020-10-27,0,0,0,0,0,0
2020-10-28,0,0,0,0,0,0
2020-10-29,0,2,0,0,0,0
2020-10-30,2,1,0,1,0,0
2020-10-31,0,0,1,6,0,0
2020-11-01,0,0,0,1,0,0
2020-11-02,0,0,0,0,0,0
2020-11-03,6,4,0,0,0,0
2020-11-04,10,3,1,2,0,0
2020-11-05,0,1,2,5,0,0
2020-11-06,0,0,1,0,0,1
2020-11-07,0,1,0,1,0,0
2020-11-08,2,8,0,0,0,1
2020-11-09,24,9,0,5,0,6
2020-11-10,11,5,0,38,0,6
2020-11-11,0,0,0,23,0,1
2020-11-12,0,1,0,8,0,1
2020-11-13,1,14,0,2,1,0
2020-11-14,41,34,0,4,1,4
2020-11-15,32,8,1,7,0,0
2020-11-16,5,1,1,8,0,0
2020-11-17,1,1,1,2,0,0
2020-11-18,4,10,0,3,0,0
2020-11-19,16,17,1,1,0,0
2020-11-20,47,6,0,16,0,5
2020-11-21,18,5,4,57,0,2
2020-11-22,3,1,1,32,0,0
2020-11-23,5,17,2,6,0,0
2020-11-24,19,38,0,2,0,0
2020-11-25,45,26,3,3,0,4
2020-11-26,28,7,7,8,0,4
2020-11-27,2,3,7,11,0,2
2020-11-28,1,6,1,3,0,4
2020-11-29,13,36,0,0,0,1
2020-11-30,87,46,0,1,0,2
2020-12-01,75,10,0,3,0,7
2020-12-02,19,4,1,1,0,2
2020-12-03,2,3,6,1,0,2
2020-12-04,14,25,2,5,0,0
2020-12-05,68,40,7,0,0,1
2020-12-06,117,27,14,16,1,1
2020-12-07,51,5,16,5,0,6
2020-12-08,19,8,8,4,0,7
2020-12-09,14,28,2,0,0,0
2020-12-10,40,39,0,1,0,1
2020-12-11,89,39,1,4,1,8
2020-12-12,42,10,8,22,0,14
2020-12-13,25,8,3,21,0,5
2020-12-14,5,5,4,7,0,5
2020-12-15,12,63,0,1,0,3
2020-12-16,54,56,9,2,0,4
2020-12-17,95,15,16,1,0,14
2020-12-18,24,1,31,2,0,12
2020-12-19,16,12,3,0,0,4
2020-12-20,7,39,0,0,0,4
2020-12-21,36,56,6,3,0,1
2020-12-22,53,32,13,4,1,9
2020-12-23,23,13,29,12,0,8
2020-12-24,15,7,1,5,0,2
2020-12-25,5,30,2,0,1,4
2020-12-26,31,71,7,3,0,5
2020-12-27,60,70,61,5,1,14
2020-12-28,38,42,139,51,0,12
2020-12-29,13,24,80,56,0,10
2020-12-30,6,38,63,0,0,7
2020-12-31,28,75,27,4,0,0
