date_time,wind speed,wind dir
2018-01-01 01:00,14,90
2018-01-01 04:00,13,85
2018-01-01 07:00,12,85
2018-01-01 10:00,12,75
2018-01-01 13:00,9,70
2018-01-01 16:00,8,75
2018-01-01 19:00,12,105
2018-01-01 22:00,14,105
2018-01-02 01:00,17,85
2018-01-02 04:00,18,85
2018-01-02 07:00,22,85
2018-01-02 10:00,20,75
2018-01-02 13:00,14,70
2018-01-02 16:00,10,75
2018-01-02 19:00,13,115
2018-01-02 22:00,14,105
2018-01-03 01:00,16,100
2018-01-03 04:00,16,120
2018-01-03 07:00,16,120
2018-01-03 10:00,14,100
2018-01-03 13:00,6,85
2018-01-03 16:00,6,75
2018-01-03 19:00,12,125
2018-01-03 22:00,15,130
2018-01-04 01:00,8,105
2018-01-04 04:00,9,75
2018-01-04 07:00,4,85
2018-01-04 10:00,5,55
2018-01-04 13:00,3,75
2018-01-04 16:00,4,15
2018-01-04 19:00,5,55
2018-01-04 22:00,7,80
2018-01-05 01:00,9,85
2018-01-05 04:00,12,65
2018-01-05 07:00,16,75
2018-01-05 10:00,13,80
2018-01-05 13:00,8,105
2018-01-05 16:00,6,110
2018-01-05 19:00,7,120
2018-01-05 22:00,10,105
2018-01-06 01:00,16,105
2018-01-06 04:00,19,115
2018-01-06 07:00,13,100
2018-01-06 10:00,15,105
2018-01-06 13:00,11,110
2018-01-06 16:00,5,130
2018-01-06 19:00,7,110
2018-01-06 22:00,8,75
2018-01-07 01:00,7,105
2018-01-07 04:00,7,125
2018-01-07 07:00,18,140
2018-01-07 10:00,22,160
2018-01-07 13:00,18,175
2018-01-07 16:00,15,170
2018-01-07 19:00,16,165
2018-01-07 22:00,17,170
2018-01-08 01:00,24,160
2018-01-08 04:00,22,160
2018-01-08 07:00,24,150
2018-01-08 10:00,20,150
2018-01-08 13:00,10,155
2018-01-08 16:00,6,180
2018-01-08 19:00,5,70
2018-01-08 22:00,9,80
2018-01-09 01:00,9,95
2018-01-09 04:00,11,85
2018-01-09 07:00,20,95
2018-01-09 10:00,25,95
2018-01-09 13:00,10,95
2018-01-09 16:00,5,70
2018-01-09 19:00,9,110
2018-01-09 22:00,7,75
2018-01-10 01:00,6,10
2018-01-10 04:00,6,20
2018-01-10 07:00,5,130
2018-01-10 10:00,8,120
2018-01-10 13:00,10,5
2018-01-10 16:00,9,60
2018-01-10 19:00,4,170
2018-01-10 22:00,5,285
2018-01-11 01:00,12,115
2018-01-11 04:00,16,105
2018-01-11 07:00,16,95
2018-01-11 10:00,15,90
2018-01-11 13:00,18,80
2018-01-11 16:00,16,80
2018-01-11 19:00,18,110
2018-01-11 22:00,15,105
2018-01-12 01:00,10,75
2018-01-12 04:00,12,60
2018-01-12 07:00,17,75
2018-01-12 10:00,17,80
2018-01-12 13:00,17,80
2018-01-12 16:00,16,85
2018-01-12 19:00,19,90
2018-01-12 22:00,18,90
2018-01-13 01:00,7,350
2018-01-13 04:00,8,15
2018-01-13 07:00,14,95
2018-01-13 10:00,17,95
2018-01-13 13:00,19,85
2018-01-13 16:00,13,75
2018-01-13 19:00,24,85
2018-01-13 22:00,21,85
2018-01-14 01:00,19,85
2018-01-14 04:00,17,75
2018-01-14 07:00,16,70
2018-01-14 10:00,16,75
2018-01-14 13:00,13,75
2018-01-14 16:00,14,60
2018-01-14 19:00,19,85
2018-01-14 22:00,19,90
2018-01-15 01:00,16,85
2018-01-15 04:00,14,80
2018-01-15 07:00,15,125
2018-01-15 10:00,14,125
2018-01-15 13:00,9,90
2018-01-15 16:00,5,80
2018-01-15 19:00,14,170
2018-01-15 22:00,12,185
2018-01-16 01:00,10,225
2018-01-16 04:00,10,195
2018-01-16 07:00,16,200
2018-01-16 10:00,12,210
2018-01-16 13:00,9,230
2018-01-16 16:00,2,265
2018-01-16 19:00,3,160
2018-01-16 22:00,2,120
2018-01-17 01:00,3,145
2018-01-17 04:00,3,20
2018-01-17 07:00,4,25
2018-01-17 10:00,6,55
2018-01-17 13:00,4,30
2018-01-17 16:00,7,15
2018-01-17 19:00,11,50
2018-01-17 22:00,10,80
2018-01-18 01:00,8,110
2018-01-18 04:00,6,110
2018-01-18 07:00,3,85
2018-01-18 10:00,6,40
2018-01-18 13:00,8,35
2018-01-18 16:00,9,25
2018-01-18 19:00,7,50
2018-01-18 22:00,8,85
2018-01-19 01:00,10,70
2018-01-19 04:00,16,60
2018-01-19 07:00,15,65
2018-01-19 10:00,16,60
2018-01-19 13:00,11,65
2018-01-19 16:00,10,50
2018-01-19 19:00,13,110
2018-01-19 22:00,13,105
2018-01-20 01:00,8,35
2018-01-20 04:00,13,45
2018-01-20 07:00,17,85
2018-01-20 10:00,16,85
2018-01-20 13:00,11,95
2018-01-20 16:00,9,65
2018-01-20 19:00,13,90
2018-01-20 22:00,15,110
2018-01-21 01:00,9,90
2018-01-21 04:00,11,65
2018-01-21 07:00,12,75
2018-01-21 10:00,12,65
2018-01-21 13:00,7,40
2018-01-21 16:00,6,30
2018-01-21 19:00,8,55
2018-01-21 22:00,8,55
2018-01-22 01:00,9,60
2018-01-22 04:00,14,45
2018-01-22 07:00,16,45
2018-01-22 10:00,16,55
2018-01-22 13:00,10,55
2018-01-22 16:00,7,60
2018-01-22 19:00,10,90
2018-01-22 22:00,10,100
2018-01-23 01:00,6,115
2018-01-23 04:00,7,60
2018-01-23 07:00,10,95
2018-01-23 10:00,12,90
2018-01-23 13:00,6,90
2018-01-23 16:00,5,55
2018-01-23 19:00,8,65
2018-01-23 22:00,8,80
2018-01-24 01:00,10,80
2018-01-24 04:00,11,60
2018-01-24 07:00,15,80
2018-01-24 10:00,13,80
2018-01-24 13:00,7,90
2018-01-24 16:00,4,90
2018-01-24 19:00,7,75
2018-01-24 22:00,9,80
2018-01-25 01:00,12,90
2018-01-25 04:00,18,115
2018-01-25 07:00,17,120
2018-01-25 10:00,17,125
2018-01-25 13:00,7,145
2018-01-25 16:00,4,150
2018-01-25 19:00,7,60
2018-01-25 22:00,11,65
2018-01-26 01:00,12,80
2018-01-26 04:00,16,85
2018-01-26 07:00,19,80
2018-01-26 10:00,21,95
2018-01-26 13:00,11,120
2018-01-26 16:00,10,120
2018-01-26 19:00,13,115
2018-01-26 22:00,17,105
2018-01-27 01:00,18,125
2018-01-27 04:00,18,125
2018-01-27 07:00,17,135
2018-01-27 10:00,13,125
2018-01-27 13:00,12,150
2018-01-27 16:00,8,170
2018-01-27 19:00,6,155
2018-01-27 22:00,4,195
2018-01-28 01:00,1,200
2018-01-28 04:00,1,70
2018-01-28 07:00,6,140
2018-01-28 10:00,5,150
2018-01-28 13:00,7,180
2018-01-28 16:00,5,195
2018-01-28 19:00,2,160
2018-01-28 22:00,5,10
2018-01-29 01:00,5,235
2018-01-29 04:00,2,280
2018-01-29 07:00,3,165
2018-01-29 10:00,2,115
2018-01-29 13:00,3,180
2018-01-29 16:00,2,205
2018-01-29 19:00,0,285
2018-01-29 22:00,3,355
2018-01-30 01:00,2,40
2018-01-30 04:00,4,80
2018-01-30 07:00,4,165
2018-01-30 10:00,6,170
2018-01-30 13:00,9,225
2018-01-30 16:00,9,225
2018-01-30 19:00,8,265
2018-01-30 22:00,7,260
2018-01-31 01:00,12,230
2018-01-31 04:00,16,225
2018-01-31 07:00,15,210
2018-01-31 10:00,11,195
2018-01-31 13:00,12,185
2018-01-31 16:00,8,180
2018-01-31 19:00,10,290
2018-01-31 22:00,14,330
2018-02-01 01:00,7,5
2018-02-01 04:00,7,100
2018-02-01 07:00,11,190
2018-02-01 10:00,8,200
2018-02-01 13:00,6,190
2018-02-01 16:00,4,155
2018-02-01 19:00,14,205
2018-02-01 22:00,18,240
2018-02-02 01:00,19,230
2018-02-02 04:00,14,225
2018-02-02 07:00,19,200
2018-02-02 10:00,10,180
2018-02-02 13:00,3,355
2018-02-02 16:00,10,45
2018-02-02 19:00,10,115
2018-02-02 22:00,19,110
2018-02-03 01:00,22,100
2018-02-03 04:00,21,110
2018-02-03 07:00,23,95
2018-02-03 10:00,22,85
2018-02-03 13:00,16,85
2018-02-03 16:00,19,95
2018-02-03 19:00,21,105
2018-02-03 22:00,19,110
2018-02-04 01:00,15,145
2018-02-04 04:00,16,130
2018-02-04 07:00,21,125
2018-02-04 10:00,19,110
2018-02-04 13:00,11,105
2018-02-04 16:00,7,70
2018-02-04 19:00,6,115
2018-02-04 22:00,7,115
2018-02-05 01:00,6,195
2018-02-05 04:00,1,225
2018-02-05 07:00,5,30
2018-02-05 10:00,10,35
2018-02-05 13:00,6,55
2018-02-05 16:00,8,40
2018-02-05 19:00,8,135
2018-02-05 22:00,8,140
2018-02-06 01:00,5,220
2018-02-06 04:00,3,205
2018-02-06 07:00,2,170
2018-02-06 10:00,1,15
2018-02-06 13:00,4,345
2018-02-06 16:00,5,25
2018-02-06 19:00,6,170
2018-02-06 22:00,6,170
2018-02-07 01:00,10,265
2018-02-07 04:00,10,265
2018-02-07 07:00,15,255
2018-02-07 10:00,10,265
2018-02-07 13:00,2,260
2018-02-07 16:00,1,160
2018-02-07 19:00,1,95
2018-02-07 22:00,1,330
2018-02-08 01:00,4,175
2018-02-08 04:00,2,195
2018-02-08 07:00,3,175
2018-02-08 10:00,7,145
2018-02-08 13:00,7,155
2018-02-08 16:00,7,155
2018-02-08 19:00,9,135
2018-02-08 22:00,2,145
2018-02-09 01:00,5,130
2018-02-09 04:00,13,155
2018-02-09 07:00,15,165
2018-02-09 10:00,16,175
2018-02-09 13:00,10,195
2018-02-09 16:00,10,215
2018-02-09 19:00,5,255
2018-02-09 22:00,8,295
2018-02-10 01:00,6,320
2018-02-10 04:00,1,305
2018-02-10 07:00,4,65
2018-02-10 10:00,6,60
2018-02-10 13:00,3,105
2018-02-10 16:00,1,80
2018-02-10 19:00,9,35
2018-02-10 22:00,18,55
2018-02-11 01:00,18,50
2018-02-11 04:00,17,50
2018-02-11 07:00,21,50
2018-02-11 10:00,22,45
2018-02-11 13:00,13,60
2018-02-11 16:00,10,55
2018-02-11 19:00,14,70
2018-02-11 22:00,23,70
2018-02-12 01:00,23,75
2018-02-12 04:00,23,85
2018-02-12 07:00,26,95
2018-02-12 10:00,29,95
2018-02-12 13:00,21,80
2018-02-12 16:00,19,70
2018-02-12 19:00,19,80
2018-02-12 22:00,20,90
2018-02-13 01:00,11,60
2018-02-13 04:00,10,55
2018-02-13 07:00,9,60
2018-02-13 10:00,10,65
2018-02-13 13:00,10,65
2018-02-13 16:00,11,60
2018-02-13 19:00,11,80
2018-02-13 22:00,11,135
2018-02-14 01:00,9,110
2018-02-14 04:00,11,70
2018-02-14 07:00,15,55
2018-02-14 10:00,13,55
2018-02-14 13:00,10,35
2018-02-14 16:00,7,30
2018-02-14 19:00,6,45
2018-02-14 22:00,8,90
2018-02-15 01:00,7,90
2018-02-15 04:00,5,15
2018-02-15 07:00,14,345
2018-02-15 10:00,11,350
2018-02-15 13:00,5,355
2018-02-15 16:00,4,280
2018-02-15 19:00,9,325
2018-02-15 22:00,12,345
2018-02-16 01:00,9,355
2018-02-16 04:00,2,0
2018-02-16 07:00,3,160
2018-02-16 10:00,5,115
2018-02-16 13:00,6,100
2018-02-16 16:00,3,140
2018-02-16 19:00,6,45
2018-02-16 22:00,7,95
2018-02-17 01:00,10,105
2018-02-17 04:00,7,120
2018-02-17 07:00,10,160
2018-02-17 10:00,12,155
2018-02-17 13:00,11,160
2018-02-17 16:00,9,165
2018-02-17 19:00,8,135
2018-02-17 22:00,13,125
2018-02-18 01:00,17,130
2018-02-18 04:00,14,140
2018-02-18 07:00,19,150
2018-02-18 10:00,22,140
2018-02-18 13:00,16,155
2018-02-18 16:00,9,150
2018-02-18 19:00,11,90
2018-02-18 22:00,15,85
2018-02-19 01:00,14,100
2018-02-19 04:00,18,100
2018-02-19 07:00,24,95
2018-02-19 10:00,24,95
2018-02-19 13:00,16,115
2018-02-19 16:00,7,140
2018-02-19 19:00,11,100
2018-02-19 22:00,12,100
2018-02-20 01:00,12,100
2018-02-20 04:00,15,100
2018-02-20 07:00,17,115
2018-02-20 10:00,16,125
2018-02-20 13:00,12,140
2018-02-20 16:00,8,145
2018-02-20 19:00,11,85
2018-02-20 22:00,11,100
2018-02-21 01:00,10,100
2018-02-21 04:00,7,115
2018-02-21 07:00,6,150
2018-02-21 10:00,6,135
2018-02-21 13:00,5,150
2018-02-21 16:00,7,170
2018-02-21 19:00,8,130
2018-02-21 22:00,10,150
2018-02-22 01:00,10,160
2018-02-22 04:00,9,150
2018-02-22 07:00,13,125
2018-02-22 10:00,18,115
2018-02-22 13:00,12,130
2018-02-22 16:00,9,140
2018-02-22 19:00,12,100
2018-02-22 22:00,13,115
2018-02-23 01:00,13,105
2018-02-23 04:00,15,95
2018-02-23 07:00,7,110
2018-02-23 10:00,7,95
2018-02-23 13:00,10,95
2018-02-23 16:00,8,75
2018-02-23 19:00,8,90
2018-02-23 22:00,11,40
2018-02-24 01:00,14,75
2018-02-24 04:00,23,115
2018-02-24 07:00,24,130
2018-02-24 10:00,22,120
2018-02-24 13:00,14,125
2018-02-24 16:00,12,110
2018-02-24 19:00,12,110
2018-02-24 22:00,14,90
2018-02-25 01:00,12,95
2018-02-25 04:00,16,90
2018-02-25 07:00,20,85
2018-02-25 10:00,19,80
2018-02-25 13:00,9,85
2018-02-25 16:00,7,60
2018-02-25 19:00,13,95
2018-02-25 22:00,21,85
2018-02-26 01:00,30,90
2018-02-26 04:00,33,90
2018-02-26 07:00,28,85
2018-02-26 10:00,23,85
2018-02-26 13:00,9,105
2018-02-26 16:00,8,110
2018-02-26 19:00,9,70
2018-02-26 22:00,19,65
2018-02-27 01:00,18,105
2018-02-27 04:00,20,125
2018-02-27 07:00,11,160
2018-02-27 10:00,7,145
2018-02-27 13:00,7,160
2018-02-27 16:00,4,205
2018-02-27 19:00,6,205
2018-02-27 22:00,1,220
2018-02-28 01:00,4,220
2018-02-28 04:00,5,230
2018-02-28 07:00,6,265
2018-02-28 10:00,2,195
2018-02-28 13:00,4,210
2018-02-28 16:00,4,230
2018-02-28 19:00,5,200
2018-02-28 22:00,4,185
2018-03-01 01:00,4,160
2018-03-01 04:00,6,180
2018-03-01 07:00,10,220
2018-03-01 10:00,8,220
2018-03-01 13:00,5,240
2018-03-01 16:00,8,225
2018-03-01 19:00,7,230
2018-03-01 22:00,4,225
2018-03-02 01:00,8,180
2018-03-02 04:00,11,185
2018-03-02 07:00,13,195
2018-03-02 10:00,14,195
2018-03-02 13:00,10,205
2018-03-02 16:00,10,210
2018-03-02 19:00,6,240
2018-03-02 22:00,4,245
2018-03-03 01:00,4,250
2018-03-03 04:00,5,180
2018-03-03 07:00,10,185
2018-03-03 10:00,13,185
2018-03-03 13:00,13,200
2018-03-03 16:00,12,210
2018-03-03 19:00,8,250
2018-03-03 22:00,8,255
2018-03-04 01:00,13,210
2018-03-04 04:00,16,215
2018-03-04 07:00,15,240
2018-03-04 10:00,9,255
2018-03-04 13:00,5,230
2018-03-04 16:00,4,240
2018-03-04 19:00,3,305
2018-03-04 22:00,4,5
2018-03-05 01:00,2,335
2018-03-05 04:00,6,30
2018-03-05 07:00,10,65
2018-03-05 10:00,11,85
2018-03-05 13:00,8,110
2018-03-05 16:00,4,125
2018-03-05 19:00,6,95
2018-03-05 22:00,8,90
2018-03-06 01:00,4,100
2018-03-06 04:00,3,105
2018-03-06 07:00,4,90
2018-03-06 10:00,9,80
2018-03-06 13:00,6,125
2018-03-06 16:00,6,130
2018-03-06 19:00,9,75
2018-03-06 22:00,14,75
2018-03-07 01:00,17,125
2018-03-07 04:00,15,125
2018-03-07 07:00,7,115
2018-03-07 10:00,10,105
2018-03-07 13:00,6,170
2018-03-07 16:00,5,155
2018-03-07 19:00,8,45
2018-03-07 22:00,10,40
2018-03-08 01:00,10,85
2018-03-08 04:00,11,90
2018-03-08 07:00,12,105
2018-03-08 10:00,16,115
2018-03-08 13:00,10,135
2018-03-08 16:00,8,125
2018-03-08 19:00,15,90
2018-03-08 22:00,20,90
2018-03-09 01:00,21,95
2018-03-09 04:00,23,85
2018-03-09 07:00,12,115
2018-03-09 10:00,20,95
2018-03-09 13:00,20,100
2018-03-09 16:00,24,115
2018-03-09 19:00,19,125
2018-03-09 22:00,18,95
2018-03-10 01:00,16,120
2018-03-10 04:00,18,95
2018-03-10 07:00,15,95
2018-03-10 10:00,20,90
2018-03-10 13:00,14,85
2018-03-10 16:00,12,80
2018-03-10 19:00,17,125
2018-03-10 22:00,15,130
2018-03-11 01:00,13,115
2018-03-11 04:00,14,120
2018-03-11 07:00,12,125
2018-03-11 10:00,10,105
2018-03-11 13:00,5,90
2018-03-11 16:00,5,85
2018-03-11 19:00,8,95
2018-03-11 22:00,11,110
2018-03-12 01:00,10,115
2018-03-12 04:00,11,90
2018-03-12 07:00,9,110
2018-03-12 10:00,9,115
2018-03-12 13:00,9,130
2018-03-12 16:00,8,150
2018-03-12 19:00,7,135
2018-03-12 22:00,9,110
2018-03-13 01:00,7,120
2018-03-13 04:00,6,140
2018-03-13 07:00,6,155
2018-03-13 10:00,8,170
2018-03-13 13:00,10,215
2018-03-13 16:00,8,220
2018-03-13 19:00,9,185
2018-03-13 22:00,7,155
2018-03-14 01:00,11,180
2018-03-14 04:00,15,195
2018-03-14 07:00,19,215
2018-03-14 10:00,18,220
2018-03-14 13:00,17,225
2018-03-14 16:00,13,225
2018-03-14 19:00,13,260
2018-03-14 22:00,13,240
2018-03-15 01:00,21,240
2018-03-15 04:00,17,250
2018-03-15 07:00,11,250
2018-03-15 10:00,10,220
2018-03-15 13:00,15,235
2018-03-15 16:00,12,235
2018-03-15 19:00,13,265
2018-03-15 22:00,13,265
2018-03-16 01:00,11,225
2018-03-16 04:00,8,185
2018-03-16 07:00,13,195
2018-03-16 10:00,13,180
2018-03-16 13:00,14,195
2018-03-16 16:00,15,185
2018-03-16 19:00,12,170
2018-03-16 22:00,12,180
2018-03-17 01:00,14,190
2018-03-17 04:00,15,160
2018-03-17 07:00,20,150
2018-03-17 10:00,20,155
2018-03-17 13:00,17,175
2018-03-17 16:00,15,175
2018-03-17 19:00,17,150
2018-03-17 22:00,15,165
2018-03-18 01:00,14,210
2018-03-18 04:00,12,210
2018-03-18 07:00,13,190
2018-03-18 10:00,13,190
2018-03-18 13:00,13,185
2018-03-18 16:00,13,175
2018-03-18 19:00,9,180
2018-03-18 22:00,7,200
2018-03-19 01:00,8,180
2018-03-19 04:00,12,175
2018-03-19 07:00,13,210
2018-03-19 10:00,12,225
2018-03-19 13:00,11,235
2018-03-19 16:00,11,230
2018-03-19 19:00,8,275
2018-03-19 22:00,9,290
2018-03-20 01:00,13,235
2018-03-20 04:00,12,250
2018-03-20 07:00,12,250
2018-03-20 10:00,9,220
2018-03-20 13:00,8,215
2018-03-20 16:00,8,185
2018-03-20 19:00,1,185
2018-03-20 22:00,4,55
2018-03-21 01:00,5,190
2018-03-21 04:00,9,200
2018-03-21 07:00,9,205
2018-03-21 10:00,6,205
2018-03-21 13:00,3,175
2018-03-21 16:00,6,140
2018-03-21 19:00,3,85
2018-03-21 22:00,8,45
2018-03-22 01:00,14,135
2018-03-22 04:00,15,135
2018-03-22 07:00,9,130
2018-03-22 10:00,7,110
2018-03-22 13:00,4,120
2018-03-22 16:00,6,90
2018-03-22 19:00,13,150
2018-03-22 22:00,12,105
2018-03-23 01:00,19,95
2018-03-23 04:00,22,95
2018-03-23 07:00,15,100
2018-03-23 10:00,16,105
2018-03-23 13:00,11,95
2018-03-23 16:00,12,95
2018-03-23 19:00,10,100
2018-03-23 22:00,13,100
2018-03-24 01:00,20,105
2018-03-24 04:00,22,90
2018-03-24 07:00,23,100
2018-03-24 10:00,22,105
2018-03-24 13:00,11,105
2018-03-24 16:00,12,95
2018-03-24 19:00,16,105
2018-03-24 22:00,16,100
2018-03-25 01:00,20,110
2018-03-25 04:00,19,110
2018-03-25 07:00,13,120
2018-03-25 10:00,13,115
2018-03-25 13:00,11,155
2018-03-25 16:00,5,170
2018-03-25 19:00,3,360
2018-03-25 22:00,2,35
2018-03-26 01:00,6,120
2018-03-26 04:00,9,100
2018-03-26 07:00,8,95
2018-03-26 10:00,13,95
2018-03-26 13:00,4,130
2018-03-26 16:00,2,85
2018-03-26 19:00,7,100
2018-03-26 22:00,13,70
2018-03-27 01:00,14,80
2018-03-27 04:00,16,85
2018-03-27 07:00,20,100
2018-03-27 10:00,16,105
2018-03-27 13:00,5,185
2018-03-27 16:00,2,205
2018-03-27 19:00,4,265
2018-03-27 22:00,4,305
2018-03-28 01:00,6,60
2018-03-28 04:00,8,50
2018-03-28 07:00,2,170
2018-03-28 10:00,7,180
2018-03-28 13:00,10,195
2018-03-28 16:00,9,210
2018-03-28 19:00,4,290
2018-03-28 22:00,4,260
2018-03-29 01:00,11,220
2018-03-29 04:00,12,225
2018-03-29 07:00,11,240
2018-03-29 10:00,11,235
2018-03-29 13:00,10,230
2018-03-29 16:00,6,240
2018-03-29 19:00,5,265
2018-03-29 22:00,10,275
2018-03-30 01:00,17,220
2018-03-30 04:00,18,230
2018-03-30 07:00,9,215
2018-03-30 10:00,10,195
2018-03-30 13:00,10,200
2018-03-30 16:00,6,180
2018-03-30 19:00,5,10
2018-03-30 22:00,6,5
2018-03-31 01:00,10,85
2018-03-31 04:00,13,120
2018-03-31 07:00,14,140
2018-03-31 10:00,9,135
2018-03-31 13:00,8,135
2018-03-31 16:00,8,125
2018-03-31 19:00,8,75
2018-03-31 22:00,14,45
2018-04-01 01:00,15,55
2018-04-01 04:00,18,65
2018-04-01 07:00,15,70
2018-04-01 10:00,12,95
2018-04-01 13:00,9,100
2018-04-01 16:00,10,95
2018-04-01 19:00,8,75
2018-04-01 22:00,17,20
2018-04-02 01:00,24,55
2018-04-02 04:00,23,75
2018-04-02 07:00,21,90
2018-04-02 10:00,18,85
2018-04-02 13:00,9,95
2018-04-02 16:00,4,80
2018-04-02 19:00,2,75
2018-04-02 22:00,6,75
2018-04-03 01:00,25,60
2018-04-03 04:00,24,80
2018-04-03 07:00,17,85
2018-04-03 10:00,17,90
2018-04-03 13:00,8,100
2018-04-03 16:00,7,125
2018-04-03 19:00,8,105
2018-04-03 22:00,10,85
2018-04-04 01:00,2,135
2018-04-04 04:00,5,125
2018-04-04 07:00,9,120
2018-04-04 10:00,13,130
2018-04-04 13:00,11,155
2018-04-04 16:00,11,160
2018-04-04 19:00,10,100
2018-04-04 22:00,11,120
2018-04-05 01:00,8,200
2018-04-05 04:00,10,195
2018-04-05 07:00,12,190
2018-04-05 10:00,11,175
2018-04-05 13:00,7,180
2018-04-05 16:00,6,175
2018-04-05 19:00,1,300
2018-04-05 22:00,2,280
2018-04-06 01:00,5,200
2018-04-06 04:00,5,175
2018-04-06 07:00,8,220
2018-04-06 10:00,5,195
2018-04-06 13:00,2,205
2018-04-06 16:00,3,150
2018-04-06 19:00,3,115
2018-04-06 22:00,8,100
2018-04-07 01:00,11,75
2018-04-07 04:00,18,85
2018-04-07 07:00,31,95
2018-04-07 10:00,41,85
2018-04-07 13:00,34,100
2018-04-07 16:00,32,95
2018-04-07 19:00,55,110
2018-04-07 22:00,53,105
2018-04-08 01:00,40,105
2018-04-08 04:00,42,95
2018-04-08 07:00,29,90
2018-04-08 10:00,31,85
2018-04-08 13:00,16,90
2018-04-08 16:00,17,85
2018-04-08 19:00,13,95
2018-04-08 22:00,10,85
2018-04-09 01:00,8,75
2018-04-09 04:00,7,55
2018-04-09 07:00,13,115
2018-04-09 10:00,16,95
2018-04-09 13:00,10,95
2018-04-09 16:00,7,85
2018-04-09 19:00,5,130
2018-04-09 22:00,6,125
2018-04-10 01:00,6,120
2018-04-10 04:00,8,110
2018-04-10 07:00,15,115
2018-04-10 10:00,16,120
2018-04-10 13:00,11,125
2018-04-10 16:00,8,135
2018-04-10 19:00,10,65
2018-04-10 22:00,14,75
2018-04-11 01:00,8,130
2018-04-11 04:00,9,135
2018-04-11 07:00,9,130
2018-04-11 10:00,12,120
2018-04-11 13:00,8,150
2018-04-11 16:00,6,180
2018-04-11 19:00,7,45
2018-04-11 22:00,3,95
2018-04-12 01:00,13,180
2018-04-12 04:00,17,190
2018-04-12 07:00,14,215
2018-04-12 10:00,12,200
2018-04-12 13:00,12,210
2018-04-12 16:00,9,205
2018-04-12 19:00,1,275
2018-04-12 22:00,3,220
2018-04-13 01:00,7,200
2018-04-13 04:00,12,190
2018-04-13 07:00,13,190
2018-04-13 10:00,13,185
2018-04-13 13:00,11,210
2018-04-13 16:00,7,200
2018-04-13 19:00,5,340
2018-04-13 22:00,4,345
2018-04-14 01:00,1,25
2018-04-14 04:00,3,145
2018-04-14 07:00,3,140
2018-04-14 10:00,5,150
2018-04-14 13:00,7,175
2018-04-14 16:00,5,175
2018-04-14 19:00,8,55
2018-04-14 22:00,7,110
2018-04-15 01:00,8,165
2018-04-15 04:00,9,190
2018-04-15 07:00,12,245
2018-04-15 10:00,10,240
2018-04-15 13:00,5,225
2018-04-15 16:00,4,170
2018-04-15 19:00,1,350
2018-04-15 22:00,7,115
2018-04-16 01:00,16,145
2018-04-16 04:00,16,145
2018-04-16 07:00,14,100
2018-04-16 10:00,13,95
2018-04-16 13:00,10,110
2018-04-16 16:00,8,120
2018-04-16 19:00,8,110
2018-04-16 22:00,6,80
2018-04-17 01:00,9,100
2018-04-17 04:00,7,95
2018-04-17 07:00,4,180
2018-04-17 10:00,2,310
2018-04-17 13:00,1,95
2018-04-17 16:00,2,115
2018-04-17 19:00,8,70
2018-04-17 22:00,10,75
2018-04-18 01:00,12,105
2018-04-18 04:00,13,115
2018-04-18 07:00,10,95
2018-04-18 10:00,11,95
2018-04-18 13:00,4,125
2018-04-18 16:00,4,130
2018-04-18 19:00,3,185
2018-04-18 22:00,7,140
2018-04-19 01:00,6,150
2018-04-19 04:00,4,155
2018-04-19 07:00,7,210
2018-04-19 10:00,5,225
2018-04-19 13:00,6,255
2018-04-19 16:00,4,220
2018-04-19 19:00,3,340
2018-04-19 22:00,4,35
2018-04-20 01:00,4,140
2018-04-20 04:00,7,150
2018-04-20 07:00,7,165
2018-04-20 10:00,10,160
2018-04-20 13:00,11,180
2018-04-20 16:00,8,190
2018-04-20 19:00,4,170
2018-04-20 22:00,1,155
2018-04-21 01:00,6,165
2018-04-21 04:00,7,190
2018-04-21 07:00,9,200
2018-04-21 10:00,9,200
2018-04-21 13:00,7,205
2018-04-21 16:00,7,195
2018-04-21 19:00,3,10
2018-04-21 22:00,3,70
2018-04-22 01:00,8,135
2018-04-22 04:00,15,150
2018-04-22 07:00,13,170
2018-04-22 10:00,11,180
2018-04-22 13:00,8,200
2018-04-22 16:00,8,195
2018-04-22 19:00,1,65
2018-04-22 22:00,4,110
2018-04-23 01:00,9,165
2018-04-23 04:00,9,195
2018-04-23 07:00,15,250
2018-04-23 10:00,13,260
2018-04-23 13:00,7,245
2018-04-23 16:00,6,235
2018-04-23 19:00,6,285
2018-04-23 22:00,6,300
2018-04-24 01:00,10,165
2018-04-24 04:00,14,160
2018-04-24 07:00,14,190
2018-04-24 10:00,12,185
2018-04-24 13:00,13,195
2018-04-24 16:00,12,185
2018-04-24 19:00,8,225
2018-04-24 22:00,4,205
2018-04-25 01:00,5,225
2018-04-25 04:00,7,225
2018-04-25 07:00,13,245
2018-04-25 10:00,10,240
2018-04-25 13:00,8,210
2018-04-25 16:00,8,165
2018-04-25 19:00,3,195
2018-04-25 22:00,2,250
2018-04-26 01:00,13,165
2018-04-26 04:00,16,170
2018-04-26 07:00,15,165
2018-04-26 10:00,14,175
2018-04-26 13:00,13,185
2018-04-26 16:00,12,170
2018-04-26 19:00,11,85
2018-04-26 22:00,12,95
2018-04-27 01:00,6,85
2018-04-27 04:00,12,80
2018-04-27 07:00,15,115
2018-04-27 10:00,15,120
2018-04-27 13:00,11,100
2018-04-27 16:00,12,95
2018-04-27 19:00,15,115
2018-04-27 22:00,15,110
2018-04-28 01:00,23,125
2018-04-28 04:00,22,125
2018-04-28 07:00,13,125
2018-04-28 10:00,16,135
2018-04-28 13:00,24,170
2018-04-28 16:00,24,170
2018-04-28 19:00,33,175
2018-04-28 22:00,30,175
2018-04-29 01:00,28,175
2018-04-29 04:00,26,175
2018-04-29 07:00,29,180
2018-04-29 10:00,27,180
2018-04-29 13:00,25,195
2018-04-29 16:00,19,185
2018-04-29 19:00,18,175
2018-04-29 22:00,22,185
2018-04-30 01:00,19,185
2018-04-30 04:00,17,180
2018-04-30 07:00,13,175
2018-04-30 10:00,17,160
2018-04-30 13:00,20,165
2018-04-30 16:00,21,170
2018-04-30 19:00,21,185
2018-04-30 22:00,22,185
2018-05-01 01:00,23,200
2018-05-01 04:00,21,205
2018-05-01 07:00,21,190
2018-05-01 10:00,22,190
2018-05-01 13:00,22,185
2018-05-01 16:00,21,190
2018-05-01 19:00,27,210
2018-05-01 22:00,17,210
2018-05-02 01:00,16,220
2018-05-02 04:00,15,210
2018-05-02 07:00,17,195
2018-05-02 10:00,18,190
2018-05-02 13:00,14,195
2018-05-02 16:00,13,190
2018-05-02 19:00,14,220
2018-05-02 22:00,14,245
2018-05-03 01:00,10,220
2018-05-03 04:00,11,195
2018-05-03 07:00,14,165
2018-05-03 10:00,13,160
2018-05-03 13:00,12,175
2018-05-03 16:00,10,185
2018-05-03 19:00,9,225
2018-05-03 22:00,7,205
2018-05-04 01:00,6,155
2018-05-04 04:00,9,160
2018-05-04 07:00,13,160
2018-05-04 10:00,14,165
2018-05-04 13:00,10,185
2018-05-04 16:00,8,180
2018-05-04 19:00,9,165
2018-05-04 22:00,7,180
2018-05-05 01:00,11,165
2018-05-05 04:00,11,160
2018-05-05 07:00,14,165
2018-05-05 10:00,13,180
2018-05-05 13:00,11,195
2018-05-05 16:00,11,195
2018-05-05 19:00,7,200
2018-05-05 22:00,4,180
2018-05-06 01:00,3,240
2018-05-06 04:00,5,220
2018-05-06 07:00,9,200
2018-05-06 10:00,10,195
2018-05-06 13:00,10,230
2018-05-06 16:00,11,240
2018-05-06 19:00,20,285
2018-05-06 22:00,20,275
2018-05-07 01:00,13,250
2018-05-07 04:00,17,240
2018-05-07 07:00,17,250
2018-05-07 10:00,16,240
2018-05-07 13:00,14,250
2018-05-07 16:00,15,260
2018-05-07 19:00,20,280
2018-05-07 22:00,18,265
2018-05-08 01:00,12,250
2018-05-08 04:00,16,250
2018-05-08 07:00,18,240
2018-05-08 10:00,13,245
2018-05-08 13:00,13,260
2018-05-08 16:00,9,250
2018-05-08 19:00,16,295
2018-05-08 22:00,10,295
2018-05-09 01:00,10,270
2018-05-09 04:00,6,270
2018-05-09 07:00,5,270
2018-05-09 10:00,4,200
2018-05-09 13:00,7,190
2018-05-09 16:00,6,160
2018-05-09 19:00,5,160
2018-05-09 22:00,3,75
2018-05-10 01:00,5,150
2018-05-10 04:00,6,120
2018-05-10 07:00,5,105
2018-05-10 10:00,6,105
2018-05-10 13:00,5,135
2018-05-10 16:00,10,150
2018-05-10 19:00,8,125
2018-05-10 22:00,10,145
2018-05-11 01:00,10,155
2018-05-11 04:00,10,160
2018-05-11 07:00,13,160
2018-05-11 10:00,12,150
2018-05-11 13:00,10,155
2018-05-11 16:00,10,140
2018-05-11 19:00,8,265
2018-05-11 22:00,4,280
2018-05-12 01:00,8,150
2018-05-12 04:00,12,170
2018-05-12 07:00,15,170
2018-05-12 10:00,15,170
2018-05-12 13:00,8,170
2018-05-12 16:00,9,170
2018-05-12 19:00,9,225
2018-05-12 22:00,2,145
2018-05-13 01:00,15,150
2018-05-13 04:00,16,150
2018-05-13 07:00,14,160
2018-05-13 10:00,11,160
2018-05-13 13:00,6,165
2018-05-13 16:00,6,165
2018-05-13 19:00,9,155
2018-05-13 22:00,7,160
2018-05-14 01:00,16,195
2018-05-14 04:00,12,185
2018-05-14 07:00,7,170
2018-05-14 10:00,6,130
2018-05-14 13:00,8,125
2018-05-14 16:00,5,120
2018-05-14 19:00,11,175
2018-05-14 22:00,3,135
2018-05-15 01:00,4,185
2018-05-15 04:00,6,170
2018-05-15 07:00,13,150
2018-05-15 10:00,10,165
2018-05-15 13:00,7,190
2018-05-15 16:00,7,200
2018-05-15 19:00,7,175
2018-05-15 22:00,7,185
2018-05-16 01:00,9,195
2018-05-16 04:00,10,200
2018-05-16 07:00,15,205
2018-05-16 10:00,13,200
2018-05-16 13:00,10,205
2018-05-16 16:00,8,195
2018-05-16 19:00,3,180
2018-05-16 22:00,6,185
2018-05-17 01:00,6,165
2018-05-17 04:00,10,180
2018-05-17 07:00,17,185
2018-05-17 10:00,14,190
2018-05-17 13:00,11,205
2018-05-17 16:00,10,180
2018-05-17 19:00,2,260
2018-05-17 22:00,5,175
2018-05-18 01:00,8,150
2018-05-18 04:00,14,145
2018-05-18 07:00,20,145
2018-05-18 10:00,17,160
2018-05-18 13:00,10,185
2018-05-18 16:00,7,170
2018-05-18 19:00,6,180
2018-05-18 22:00,8,175
2018-05-19 01:00,6,175
2018-05-19 04:00,6,190
2018-05-19 07:00,7,165
2018-05-19 10:00,9,165
2018-05-19 13:00,9,190
2018-05-19 16:00,6,200
2018-05-19 19:00,6,250
2018-05-19 22:00,6,275
2018-05-20 01:00,1,320
2018-05-20 04:00,2,155
2018-05-20 07:00,6,125
2018-05-20 10:00,7,155
2018-05-20 13:00,5,190
2018-05-20 16:00,4,180
2018-05-20 19:00,1,275
2018-05-20 22:00,2,360
2018-05-21 01:00,4,75
2018-05-21 04:00,7,100
2018-05-21 07:00,6,120
2018-05-21 10:00,6,120
2018-05-21 13:00,9,145
2018-05-21 16:00,9,130
2018-05-21 19:00,9,135
2018-05-21 22:00,12,130
2018-05-22 01:00,13,150
2018-05-22 04:00,10,165
2018-05-22 07:00,8,160
2018-05-22 10:00,8,150
2018-05-22 13:00,3,140
2018-05-22 16:00,8,110
2018-05-22 19:00,6,150
2018-05-22 22:00,6,80
2018-05-23 01:00,7,120
2018-05-23 04:00,8,130
2018-05-23 07:00,11,140
2018-05-23 10:00,9,155
2018-05-23 13:00,6,165
2018-05-23 16:00,7,140
2018-05-23 19:00,10,180
2018-05-23 22:00,11,175
2018-05-24 01:00,8,185
2018-05-24 04:00,10,200
2018-05-24 07:00,14,180
2018-05-24 10:00,15,180
2018-05-24 13:00,18,190
2018-05-24 16:00,19,185
2018-05-24 19:00,20,205
2018-05-24 22:00,18,220
2018-05-25 01:00,18,215
2018-05-25 04:00,19,210
2018-05-25 07:00,24,205
2018-05-25 10:00,21,215
2018-05-25 13:00,13,210
2018-05-25 16:00,8,205
2018-05-25 19:00,7,255
2018-05-25 22:00,7,225
2018-05-26 01:00,5,225
2018-05-26 04:00,8,205
2018-05-26 07:00,17,200
2018-05-26 10:00,17,200
2018-05-26 13:00,15,220
2018-05-26 16:00,16,210
2018-05-26 19:00,22,225
2018-05-26 22:00,17,220
2018-05-27 01:00,18,215
2018-05-27 04:00,17,210
2018-05-27 07:00,19,210
2018-05-27 10:00,18,200
2018-05-27 13:00,16,200
2018-05-27 16:00,14,190
2018-05-27 19:00,21,220
2018-05-27 22:00,25,230
2018-05-28 01:00,18,225
2018-05-28 04:00,13,255
2018-05-28 07:00,21,250
2018-05-28 10:00,16,245
2018-05-28 13:00,8,225
2018-05-28 16:00,7,170
2018-05-28 19:00,13,135
2018-05-28 22:00,15,150
2018-05-29 01:00,16,165
2018-05-29 04:00,19,170
2018-05-29 07:00,21,155
2018-05-29 10:00,20,160
2018-05-29 13:00,26,170
2018-05-29 16:00,22,175
2018-05-29 19:00,24,180
2018-05-29 22:00,21,200
2018-05-30 01:00,20,195
2018-05-30 04:00,20,195
2018-05-30 07:00,21,165
2018-05-30 10:00,22,180
2018-05-30 13:00,18,210
2018-05-30 16:00,15,195
2018-05-30 19:00,13,225
2018-05-30 22:00,12,245
2018-05-31 01:00,10,185
2018-05-31 04:00,10,185
2018-05-31 07:00,11,185
2018-05-31 10:00,8,175
2018-05-31 13:00,6,185
2018-05-31 16:00,4,210
2018-05-31 19:00,7,215
2018-05-31 22:00,5,215
2018-06-01 01:00,9,245
2018-06-01 04:00,7,245
2018-06-01 07:00,3,275
2018-06-01 10:00,4,265
2018-06-01 13:00,4,250
2018-06-01 16:00,5,245
2018-06-01 19:00,3,200
2018-06-01 22:00,1,335
2018-06-02 01:00,4,250
2018-06-02 04:00,5,250
2018-06-02 07:00,6,260
2018-06-02 10:00,6,285
2018-06-02 13:00,7,275
2018-06-02 16:00,5,255
2018-06-02 19:00,13,235
2018-06-02 22:00,13,250
2018-06-03 01:00,11,250
2018-06-03 04:00,14,250
2018-06-03 07:00,19,275
2018-06-03 10:00,20,285
2018-06-03 13:00,15,275
2018-06-03 16:00,12,265
2018-06-03 19:00,15,275
2018-06-03 22:00,16,270
2018-06-04 01:00,15,260
2018-06-04 04:00,16,260
2018-06-04 07:00,18,265
2018-06-04 10:00,16,255
2018-06-04 13:00,10,280
2018-06-04 16:00,8,250
2018-06-04 19:00,14,240
2018-06-04 22:00,16,235
2018-06-05 01:00,23,250
2018-06-05 04:00,19,260
2018-06-05 07:00,15,260
2018-06-05 10:00,13,250
2018-06-05 13:00,12,250
2018-06-05 16:00,10,220
2018-06-05 19:00,15,240
2018-06-05 22:00,20,260
2018-06-06 01:00,23,285
2018-06-06 04:00,26,290
2018-06-06 07:00,31,280
2018-06-06 10:00,32,265
2018-06-06 13:00,22,275
2018-06-06 16:00,28,245
2018-06-06 19:00,45,285
2018-06-06 22:00,46,280
2018-06-07 01:00,35,265
2018-06-07 04:00,42,255
2018-06-07 07:00,50,260
2018-06-07 10:00,48,255
2018-06-07 13:00,54,270
2018-06-07 16:00,48,265
2018-06-07 19:00,53,265
2018-06-07 22:00,56,265
2018-06-08 01:00,44,280
2018-06-08 04:00,49,275
2018-06-08 07:00,54,255
2018-06-08 10:00,60,245
2018-06-08 13:00,39,280
2018-06-08 16:00,60,260
2018-06-08 19:00,53,270
2018-06-08 22:00,54,260
2018-06-09 01:00,57,255
2018-06-09 04:00,60,255
2018-06-09 07:00,42,250
2018-06-09 10:00,48,255
2018-06-09 13:00,52,260
2018-06-09 16:00,58,250
2018-06-09 19:00,56,255
2018-06-09 22:00,58,260
2018-06-10 01:00,54,255
2018-06-10 04:00,53,255
2018-06-10 07:00,43,245
2018-06-10 10:00,42,240
2018-06-10 13:00,42,245
2018-06-10 16:00,45,245
2018-06-10 19:00,48,245
2018-06-10 22:00,54,250
2018-06-11 01:00,49,245
2018-06-11 04:00,52,250
2018-06-11 07:00,54,235
2018-06-11 10:00,47,230
2018-06-11 13:00,45,240
2018-06-11 16:00,46,235
2018-06-11 19:00,58,235
2018-06-11 22:00,64,235
2018-06-12 01:00,69,235
2018-06-12 04:00,65,240
2018-06-12 07:00,42,240
2018-06-12 10:00,47,235
2018-06-12 13:00,49,235
2018-06-12 16:00,43,235
2018-06-12 19:00,55,240
2018-06-12 22:00,60,245
2018-06-13 01:00,64,245
2018-06-13 04:00,66,245
2018-06-13 07:00,69,245
2018-06-13 10:00,52,245
2018-06-13 13:00,40,245
2018-06-13 16:00,44,245
2018-06-13 19:00,45,250
2018-06-13 22:00,56,255
2018-06-14 01:00,46,255
2018-06-14 04:00,56,260
2018-06-14 07:00,62,260
2018-06-14 10:00,47,255
2018-06-14 13:00,33,255
2018-06-14 16:00,39,250
2018-06-14 19:00,37,260
2018-06-14 22:00,44,265
2018-06-15 01:00,55,265
2018-06-15 04:00,58,265
2018-06-15 07:00,52,260
2018-06-15 10:00,44,255
2018-06-15 13:00,36,260
2018-06-15 16:00,42,255
2018-06-15 19:00,38,270
2018-06-15 22:00,52,270
2018-06-16 01:00,53,270
2018-06-16 04:00,60,275
2018-06-16 07:00,52,265
2018-06-16 10:00,45,260
2018-06-16 13:00,35,275
2018-06-16 16:00,41,270
2018-06-16 19:00,44,270
2018-06-16 22:00,49,270
2018-06-17 01:00,48,270
2018-06-17 04:00,46,275
2018-06-17 07:00,35,280
2018-06-17 10:00,45,280
2018-06-17 13:00,42,290
2018-06-17 16:00,42,275
2018-06-17 19:00,33,280
2018-06-17 22:00,42,280
2018-06-18 01:00,46,290
2018-06-18 04:00,53,290
2018-06-18 07:00,45,280
2018-06-18 10:00,43,275
2018-06-18 13:00,30,275
2018-06-18 16:00,34,265
2018-06-18 19:00,39,255
2018-06-18 22:00,39,260
2018-06-19 01:00,43,265
2018-06-19 04:00,47,270
2018-06-19 07:00,48,265
2018-06-19 10:00,31,255
2018-06-19 13:00,27,255
2018-06-19 16:00,28,235
2018-06-19 19:00,31,240
2018-06-19 22:00,32,235
2018-06-20 01:00,26,230
2018-06-20 04:00,24,240
2018-06-20 07:00,27,230
2018-06-20 10:00,26,240
2018-06-20 13:00,26,245
2018-06-20 16:00,32,250
2018-06-20 19:00,30,255
2018-06-20 22:00,35,265
2018-06-21 01:00,35,260
2018-06-21 04:00,36,260
2018-06-21 07:00,34,255
2018-06-21 10:00,32,255
2018-06-21 13:00,23,255
2018-06-21 16:00,25,255
2018-06-21 19:00,33,260
2018-06-21 22:00,29,260
2018-06-22 01:00,30,260
2018-06-22 04:00,29,265
2018-06-22 07:00,27,255
2018-06-22 10:00,25,260
2018-06-22 13:00,21,265
2018-06-22 16:00,22,255
2018-06-22 19:00,27,265
2018-06-22 22:00,23,270
2018-06-23 01:00,25,275
2018-06-23 04:00,26,280
2018-06-23 07:00,30,270
2018-06-23 10:00,30,270
2018-06-23 13:00,21,275
2018-06-23 16:00,22,260
2018-06-23 19:00,21,275
2018-06-23 22:00,23,270
2018-06-24 01:00,20,260
2018-06-24 04:00,25,260
2018-06-24 07:00,30,265
2018-06-24 10:00,30,270
2018-06-24 13:00,22,265
2018-06-24 16:00,23,250
2018-06-24 19:00,26,270
2018-06-24 22:00,28,265
2018-06-25 01:00,23,275
2018-06-25 04:00,26,270
2018-06-25 07:00,25,265
2018-06-25 10:00,25,270
2018-06-25 13:00,23,270
2018-06-25 16:00,22,260
2018-06-25 19:00,23,235
2018-06-25 22:00,21,260
2018-06-26 01:00,22,245
2018-06-26 04:00,24,255
2018-06-26 07:00,22,230
2018-06-26 10:00,19,235
2018-06-26 13:00,15,225
2018-06-26 16:00,13,210
2018-06-26 19:00,16,210
2018-06-26 22:00,19,215
2018-06-27 01:00,25,200
2018-06-27 04:00,24,210
2018-06-27 07:00,22,200
2018-06-27 10:00,21,195
2018-06-27 13:00,22,170
2018-06-27 16:00,21,190
2018-06-27 19:00,18,185
2018-06-27 22:00,20,190
2018-06-28 01:00,19,195
2018-06-28 04:00,18,200
2018-06-28 07:00,17,195
2018-06-28 10:00,17,200
2018-06-28 13:00,12,220
2018-06-28 16:00,10,210
2018-06-28 19:00,10,230
2018-06-28 22:00,13,250
2018-06-29 01:00,16,250
2018-06-29 04:00,18,260
2018-06-29 07:00,19,245
2018-06-29 10:00,18,240
2018-06-29 13:00,10,225
2018-06-29 16:00,11,235
2018-06-29 19:00,18,265
2018-06-29 22:00,19,260
2018-06-30 01:00,19,245
2018-06-30 04:00,22,245
2018-06-30 07:00,20,225
2018-06-30 10:00,20,225
2018-06-30 13:00,16,225
2018-06-30 16:00,17,230
2018-06-30 19:00,17,250
2018-06-30 22:00,21,250
2018-07-01 01:00,20,245
2018-07-01 04:00,24,255
2018-07-01 07:00,29,250
2018-07-01 10:00,27,255
2018-07-01 13:00,20,265
2018-07-01 16:00,19,250
2018-07-01 19:00,21,275
2018-07-01 22:00,21,265
2018-07-02 01:00,20,255
2018-07-02 04:00,21,255
2018-07-02 07:00,30,240
2018-07-02 10:00,30,240
2018-07-02 13:00,23,260
2018-07-02 16:00,25,260
2018-07-02 19:00,34,260
2018-07-02 22:00,27,260
2018-07-03 01:00,27,265
2018-07-03 04:00,31,270
2018-07-03 07:00,33,275
2018-07-03 10:00,35,280
2018-07-03 13:00,29,275
2018-07-03 16:00,32,265
2018-07-03 19:00,33,245
2018-07-03 22:00,31,260
2018-07-04 01:00,45,280
2018-07-04 04:00,49,280
2018-07-04 07:00,48,275
2018-07-04 10:00,40,270
2018-07-04 13:00,23,260
2018-07-04 16:00,31,245
2018-07-04 19:00,23,255
2018-07-04 22:00,31,260
2018-07-05 01:00,30,260
2018-07-05 04:00,35,260
2018-07-05 07:00,40,265
2018-07-05 10:00,36,265
2018-07-05 13:00,27,255
2018-07-05 16:00,28,250
2018-07-05 19:00,28,270
2018-07-05 22:00,27,270
2018-07-06 01:00,40,260
2018-07-06 04:00,51,265
2018-07-06 07:00,43,270
2018-07-06 10:00,48,260
2018-07-06 13:00,56,265
2018-07-06 16:00,49,260
2018-07-06 19:00,37,265
2018-07-06 22:00,53,270
2018-07-07 01:00,56,280
2018-07-07 04:00,57,280
2018-07-07 07:00,55,275
2018-07-07 10:00,53,275
2018-07-07 13:00,44,280
2018-07-07 16:00,38,270
2018-07-07 19:00,44,280
2018-07-07 22:00,50,285
2018-07-08 01:00,50,285
2018-07-08 04:00,52,285
2018-07-08 07:00,50,280
2018-07-08 10:00,39,275
2018-07-08 13:00,34,285
2018-07-08 16:00,30,270
2018-07-08 19:00,30,270
2018-07-08 22:00,27,260
2018-07-09 01:00,34,270
2018-07-09 04:00,39,280
2018-07-09 07:00,36,285
2018-07-09 10:00,35,285
2018-07-09 13:00,25,280
2018-07-09 16:00,28,260
2018-07-09 19:00,38,275
2018-07-09 22:00,41,275
2018-07-10 01:00,42,280
2018-07-10 04:00,41,280
2018-07-10 07:00,39,280
2018-07-10 10:00,38,280
2018-07-10 13:00,39,285
2018-07-10 16:00,39,270
2018-07-10 19:00,39,285
2018-07-10 22:00,42,275
2018-07-11 01:00,53,285
2018-07-11 04:00,53,285
2018-07-11 07:00,45,275
2018-07-11 10:00,45,265
2018-07-11 13:00,48,275
2018-07-11 16:00,51,260
2018-07-11 19:00,58,285
2018-07-11 22:00,59,280
2018-07-12 01:00,50,280
2018-07-12 04:00,49,275
2018-07-12 07:00,49,275
2018-07-12 10:00,47,270
2018-07-12 13:00,40,290
2018-07-12 16:00,36,270
2018-07-12 19:00,43,280
2018-07-12 22:00,53,270
2018-07-13 01:00,53,270
2018-07-13 04:00,59,275
2018-07-13 07:00,47,270
2018-07-13 10:00,44,260
2018-07-13 13:00,32,280
2018-07-13 16:00,42,260
2018-07-13 19:00,49,270
2018-07-13 22:00,53,265
2018-07-14 01:00,51,270
2018-07-14 04:00,55,270
2018-07-14 07:00,53,265
2018-07-14 10:00,55,265
2018-07-14 13:00,43,270
2018-07-14 16:00,56,260
2018-07-14 19:00,45,260
2018-07-14 22:00,49,255
2018-07-15 01:00,55,255
2018-07-15 04:00,62,255
2018-07-15 07:00,53,260
2018-07-15 10:00,61,260
2018-07-15 13:00,55,265
2018-07-15 16:00,59,260
2018-07-15 19:00,54,265
2018-07-15 22:00,56,265
2018-07-16 01:00,59,265
2018-07-16 04:00,58,265
2018-07-16 07:00,59,270
2018-07-16 10:00,57,270
2018-07-16 13:00,53,280
2018-07-16 16:00,56,280
2018-07-16 19:00,57,290
2018-07-16 22:00,55,290
2018-07-17 01:00,53,285
2018-07-17 04:00,60,280
2018-07-17 07:00,62,275
2018-07-17 10:00,61,280
2018-07-17 13:00,55,315
2018-07-17 16:00,57,305
2018-07-17 19:00,52,300
2018-07-17 22:00,55,295
2018-07-18 01:00,55,290
2018-07-18 04:00,52,295
2018-07-18 07:00,27,290
2018-07-18 10:00,26,280
2018-07-18 13:00,46,280
2018-07-18 16:00,59,275
2018-07-18 19:00,49,270
2018-07-18 22:00,49,270
2018-07-19 01:00,57,255
2018-07-19 04:00,62,250
2018-07-19 07:00,60,255
2018-07-19 10:00,54,250
2018-07-19 13:00,35,260
2018-07-19 16:00,43,255
2018-07-19 19:00,50,255
2018-07-19 22:00,49,255
2018-07-20 01:00,50,255
2018-07-20 04:00,53,255
2018-07-20 07:00,52,245
2018-07-20 10:00,50,250
2018-07-20 13:00,43,250
2018-07-20 16:00,45,250
2018-07-20 19:00,46,260
2018-07-20 22:00,45,265
2018-07-21 01:00,43,255
2018-07-21 04:00,48,270
2018-07-21 07:00,50,270
2018-07-21 10:00,46,265
2018-07-21 13:00,34,265
2018-07-21 16:00,40,260
2018-07-21 19:00,39,270
2018-07-21 22:00,45,270
2018-07-22 01:00,51,265
2018-07-22 04:00,54,270
2018-07-22 07:00,53,275
2018-07-22 10:00,50,275
2018-07-22 13:00,39,275
2018-07-22 16:00,36,265
2018-07-22 19:00,34,270
2018-07-22 22:00,40,270
2018-07-23 01:00,59,270
2018-07-23 04:00,59,270
2018-07-23 07:00,52,270
2018-07-23 10:00,51,275
2018-07-23 13:00,46,285
2018-07-23 16:00,45,265
2018-07-23 19:00,39,255
2018-07-23 22:00,42,270
2018-07-24 01:00,50,270
2018-07-24 04:00,55,270
2018-07-24 07:00,48,275
2018-07-24 10:00,47,275
2018-07-24 13:00,40,280
2018-07-24 16:00,38,265
2018-07-24 19:00,47,270
2018-07-24 22:00,50,280
2018-07-25 01:00,49,280
2018-07-25 04:00,47,280
2018-07-25 07:00,44,275
2018-07-25 10:00,40,270
2018-07-25 13:00,26,270
2018-07-25 16:00,30,260
2018-07-25 19:00,29,270
2018-07-25 22:00,36,275
2018-07-26 01:00,41,270
2018-07-26 04:00,44,275
2018-07-26 07:00,51,270
2018-07-26 10:00,48,275
2018-07-26 13:00,40,270
2018-07-26 16:00,36,260
2018-07-26 19:00,34,265
2018-07-26 22:00,35,275
2018-07-27 01:00,44,265
2018-07-27 04:00,48,270
2018-07-27 07:00,47,270
2018-07-27 10:00,45,270
2018-07-27 13:00,32,270
2018-07-27 16:00,27,260
2018-07-27 19:00,31,270
2018-07-27 22:00,33,270
2018-07-28 01:00,40,275
2018-07-28 04:00,42,275
2018-07-28 07:00,46,270
2018-07-28 10:00,44,270
2018-07-28 13:00,31,265
2018-07-28 16:00,29,260
2018-07-28 19:00,31,265
2018-07-28 22:00,25,275
2018-07-29 01:00,30,270
2018-07-29 04:00,33,270
2018-07-29 07:00,51,270
2018-07-29 10:00,45,270
2018-07-29 13:00,23,260
2018-07-29 16:00,30,250
2018-07-29 19:00,37,260
2018-07-29 22:00,35,255
2018-07-30 01:00,33,260
2018-07-30 04:00,40,265
2018-07-30 07:00,35,265
2018-07-30 10:00,35,265
2018-07-30 13:00,21,255
2018-07-30 16:00,35,260
2018-07-30 19:00,46,270
2018-07-30 22:00,48,260
2018-07-31 01:00,43,255
2018-07-31 04:00,52,255
2018-07-31 07:00,65,255
2018-07-31 10:00,56,255
2018-07-31 13:00,44,265
2018-07-31 16:00,45,260
2018-07-31 19:00,33,260
2018-07-31 22:00,44,275
2018-08-01 01:00,47,270
2018-08-01 04:00,50,270
2018-08-01 07:00,42,260
2018-08-01 10:00,37,265
2018-08-01 13:00,22,280
2018-08-01 16:00,36,270
2018-08-01 19:00,43,285
2018-08-01 22:00,44,285
2018-08-02 01:00,37,275
2018-08-02 04:00,44,270
2018-08-02 07:00,45,275
2018-08-02 10:00,46,270
2018-08-02 13:00,40,275
2018-08-02 16:00,49,275
2018-08-02 19:00,51,285
2018-08-02 22:00,53,285
2018-08-03 01:00,45,280
2018-08-03 04:00,49,270
2018-08-03 07:00,51,270
2018-08-03 10:00,51,270
2018-08-03 13:00,47,290
2018-08-03 16:00,41,275
2018-08-03 19:00,46,285
2018-08-03 22:00,51,275
2018-08-04 01:00,54,275
2018-08-04 04:00,57,275
2018-08-04 07:00,56,275
2018-08-04 10:00,52,270
2018-08-04 13:00,39,280
2018-08-04 16:00,38,265
2018-08-04 19:00,29,270
2018-08-04 22:00,36,275
2018-08-05 01:00,33,260
2018-08-05 04:00,40,260
2018-08-05 07:00,37,265
2018-08-05 10:00,41,265
2018-08-05 13:00,39,265
2018-08-05 16:00,45,265
2018-08-05 19:00,38,275
2018-08-05 22:00,37,265
2018-08-06 01:00,36,265
2018-08-06 04:00,35,260
2018-08-06 07:00,40,260
2018-08-06 10:00,41,260
2018-08-06 13:00,36,265
2018-08-06 16:00,37,245
2018-08-06 19:00,32,265
2018-08-06 22:00,37,260
2018-08-07 01:00,34,255
2018-08-07 04:00,36,260
2018-08-07 07:00,25,270
2018-08-07 10:00,27,260
2018-08-07 13:00,19,265
2018-08-07 16:00,29,255
2018-08-07 19:00,34,265
2018-08-07 22:00,37,275
2018-08-08 01:00,44,285
2018-08-08 04:00,47,290
2018-08-08 07:00,39,280
2018-08-08 10:00,38,290
2018-08-08 13:00,31,295
2018-08-08 16:00,31,275
2018-08-08 19:00,33,275
2018-08-08 22:00,29,285
2018-08-09 01:00,37,290
2018-08-09 04:00,38,295
2018-08-09 07:00,34,295
2018-08-09 10:00,35,295
2018-08-09 13:00,24,285
2018-08-09 16:00,31,270
2018-08-09 19:00,29,285
2018-08-09 22:00,31,290
2018-08-10 01:00,38,285
2018-08-10 04:00,44,280
2018-08-10 07:00,45,285
2018-08-10 10:00,40,285
2018-08-10 13:00,28,270
2018-08-10 16:00,32,240
2018-08-10 19:00,23,260
2018-08-10 22:00,31,265
2018-08-11 01:00,34,265
2018-08-11 04:00,48,265
2018-08-11 07:00,50,260
2018-08-11 10:00,48,260
2018-08-11 13:00,42,260
2018-08-11 16:00,38,245
2018-08-11 19:00,40,250
2018-08-11 22:00,45,260
2018-08-12 01:00,56,255
2018-08-12 04:00,56,260
2018-08-12 07:00,39,260
2018-08-12 10:00,46,255
2018-08-12 13:00,46,270
2018-08-12 16:00,51,260
2018-08-12 19:00,44,260
2018-08-12 22:00,59,260
2018-08-13 01:00,55,255
2018-08-13 04:00,64,255
2018-08-13 07:00,65,250
2018-08-13 10:00,60,250
2018-08-13 13:00,53,255
2018-08-13 16:00,49,245
2018-08-13 19:00,41,245
2018-08-13 22:00,58,255
2018-08-14 01:00,56,260
2018-08-14 04:00,66,260
2018-08-14 07:00,64,260
2018-08-14 10:00,57,255
2018-08-14 13:00,45,255
2018-08-14 16:00,45,250
2018-08-14 19:00,34,270
2018-08-14 22:00,46,255
2018-08-15 01:00,43,250
2018-08-15 04:00,49,250
2018-08-15 07:00,56,255
2018-08-15 10:00,53,260
2018-08-15 13:00,40,265
2018-08-15 16:00,45,265
2018-08-15 19:00,39,275
2018-08-15 22:00,40,270
2018-08-16 01:00,41,265
2018-08-16 04:00,47,270
2018-08-16 07:00,61,275
2018-08-16 10:00,62,280
2018-08-16 13:00,60,280
2018-08-16 16:00,63,275
2018-08-16 19:00,51,280
2018-08-16 22:00,55,275
2018-08-17 01:00,47,275
2018-08-17 04:00,52,270
2018-08-17 07:00,57,260
2018-08-17 10:00,60,260
2018-08-17 13:00,47,275
2018-08-17 16:00,52,265
2018-08-17 19:00,52,260
2018-08-17 22:00,51,260
2018-08-18 01:00,54,265
2018-08-18 04:00,55,265
2018-08-18 07:00,49,255
2018-08-18 10:00,47,250
2018-08-18 13:00,35,255
2018-08-18 16:00,39,240
2018-08-18 19:00,42,265
2018-08-18 22:00,43,255
2018-08-19 01:00,37,250
2018-08-19 04:00,40,250
2018-08-19 07:00,36,240
2018-08-19 10:00,36,245
2018-08-19 13:00,33,260
2018-08-19 16:00,34,250
2018-08-19 19:00,36,270
2018-08-19 22:00,33,255
2018-08-20 01:00,41,245
2018-08-20 04:00,38,250
2018-08-20 07:00,30,250
2018-08-20 10:00,29,255
2018-08-20 13:00,24,255
2018-08-20 16:00,29,250
2018-08-20 19:00,37,265
2018-08-20 22:00,29,275
2018-08-21 01:00,28,275
2018-08-21 04:00,33,275
2018-08-21 07:00,31,275
2018-08-21 10:00,33,280
2018-08-21 13:00,28,300
2018-08-21 16:00,35,280
2018-08-21 19:00,36,290
2018-08-21 22:00,31,290
2018-08-22 01:00,35,295
2018-08-22 04:00,37,295
2018-08-22 07:00,39,290
2018-08-22 10:00,37,290
2018-08-22 13:00,27,290
2018-08-22 16:00,28,275
2018-08-22 19:00,33,280
2018-08-22 22:00,30,280
2018-08-23 01:00,33,275
2018-08-23 04:00,34,275
2018-08-23 07:00,35,265
2018-08-23 10:00,32,260
2018-08-23 13:00,23,240
2018-08-23 16:00,23,230
2018-08-23 19:00,32,245
2018-08-23 22:00,29,240
2018-08-24 01:00,25,265
2018-08-24 04:00,31,265
2018-08-24 07:00,36,265
2018-08-24 10:00,36,265
2018-08-24 13:00,32,250
2018-08-24 16:00,35,250
2018-08-24 19:00,30,265
2018-08-24 22:00,23,265
2018-08-25 01:00,28,260
2018-08-25 04:00,31,255
2018-08-25 07:00,32,255
2018-08-25 10:00,36,255
2018-08-25 13:00,27,250
2018-08-25 16:00,33,250
2018-08-25 19:00,41,260
2018-08-25 22:00,40,270
2018-08-26 01:00,36,270
2018-08-26 04:00,34,270
2018-08-26 07:00,41,280
2018-08-26 10:00,41,275
2018-08-26 13:00,41,265
2018-08-26 16:00,40,260
2018-08-26 19:00,40,255
2018-08-26 22:00,47,260
2018-08-27 01:00,49,260
2018-08-27 04:00,52,260
2018-08-27 07:00,48,265
2018-08-27 10:00,49,260
2018-08-27 13:00,29,270
2018-08-27 16:00,43,245
2018-08-27 19:00,52,260
2018-08-27 22:00,50,265
2018-08-28 01:00,49,265
2018-08-28 04:00,51,265
2018-08-28 07:00,46,265
2018-08-28 10:00,48,260
2018-08-28 13:00,42,265
2018-08-28 16:00,52,255
2018-08-28 19:00,51,265
2018-08-28 22:00,53,275
2018-08-29 01:00,52,280
2018-08-29 04:00,58,280
2018-08-29 07:00,58,275
2018-08-29 10:00,56,275
2018-08-29 13:00,51,280
2018-08-29 16:00,56,275
2018-08-29 19:00,46,275
2018-08-29 22:00,52,270
2018-08-30 01:00,55,270
2018-08-30 04:00,59,270
2018-08-30 07:00,57,275
2018-08-30 10:00,53,270
2018-08-30 13:00,40,270
2018-08-30 16:00,47,265
2018-08-30 19:00,43,275
2018-08-30 22:00,43,270
2018-08-31 01:00,40,275
2018-08-31 04:00,46,270
2018-08-31 07:00,48,275
2018-08-31 10:00,47,270
2018-08-31 13:00,31,265
2018-08-31 16:00,39,245
2018-08-31 19:00,42,250
2018-08-31 22:00,46,260
2018-09-01 01:00,42,265
2018-09-01 04:00,43,265
2018-09-01 07:00,41,270
2018-09-01 10:00,39,275
2018-09-01 13:00,27,270
2018-09-01 16:00,29,260
2018-09-01 19:00,26,255
2018-09-01 22:00,18,265
2018-09-02 01:00,21,270
2018-09-02 04:00,24,265
2018-09-02 07:00,28,280
2018-09-02 10:00,31,280
2018-09-02 13:00,33,285
2018-09-02 16:00,30,280
2018-09-02 19:00,28,275
2018-09-02 22:00,27,270
2018-09-03 01:00,24,275
2018-09-03 04:00,26,280
2018-09-03 07:00,26,270
2018-09-03 10:00,28,275
2018-09-03 13:00,21,260
2018-09-03 16:00,16,260
2018-09-03 19:00,19,270
2018-09-03 22:00,30,280
2018-09-04 01:00,33,280
2018-09-04 04:00,35,275
2018-09-04 07:00,38,275
2018-09-04 10:00,35,275
2018-09-04 13:00,19,265
2018-09-04 16:00,30,240
2018-09-04 19:00,29,245
2018-09-04 22:00,35,260
2018-09-05 01:00,30,250
2018-09-05 04:00,25,255
2018-09-05 07:00,32,280
2018-09-05 10:00,39,280
2018-09-05 13:00,38,285
2018-09-05 16:00,45,280
2018-09-05 19:00,46,285
2018-09-05 22:00,47,290
2018-09-06 01:00,40,300
2018-09-06 04:00,42,295
2018-09-06 07:00,34,300
2018-09-06 10:00,34,300
2018-09-06 13:00,28,300
2018-09-06 16:00,29,290
2018-09-06 19:00,21,285
2018-09-06 22:00,16,295
2018-09-07 01:00,17,290
2018-09-07 04:00,18,290
2018-09-07 07:00,22,295
2018-09-07 10:00,23,310
2018-09-07 13:00,14,330
2018-09-07 16:00,14,310
2018-09-07 19:00,13,310
2018-09-07 22:00,9,335
2018-09-08 01:00,9,20
2018-09-08 04:00,12,40
2018-09-08 07:00,11,50
2018-09-08 10:00,12,50
2018-09-08 13:00,8,65
2018-09-08 16:00,5,65
2018-09-08 19:00,7,65
2018-09-08 22:00,10,70
2018-09-09 01:00,10,90
2018-09-09 04:00,12,85
2018-09-09 07:00,14,85
2018-09-09 10:00,14,90
2018-09-09 13:00,8,100
2018-09-09 16:00,5,125
2018-09-09 19:00,8,150
2018-09-09 22:00,8,145
2018-09-10 01:00,6,160
2018-09-10 04:00,3,180
2018-09-10 07:00,3,170
2018-09-10 10:00,4,175
2018-09-10 13:00,0,210
2018-09-10 16:00,3,235
2018-09-10 19:00,9,260
2018-09-10 22:00,9,260
2018-09-11 01:00,12,285
2018-09-11 04:00,16,290
2018-09-11 07:00,20,295
2018-09-11 10:00,21,295
2018-09-11 13:00,15,300
2018-09-11 16:00,14,270
2018-09-11 19:00,20,280
2018-09-11 22:00,18,275
2018-09-12 01:00,19,265
2018-09-12 04:00,21,255
2018-09-12 07:00,23,265
2018-09-12 10:00,23,275
2018-09-12 13:00,23,290
2018-09-12 16:00,23,275
2018-09-12 19:00,28,285
2018-09-12 22:00,27,285
2018-09-13 01:00,27,300
2018-09-13 04:00,25,310
2018-09-13 07:00,21,310
2018-09-13 10:00,17,310
2018-09-13 13:00,16,325
2018-09-13 16:00,18,285
2018-09-13 19:00,16,305
2018-09-13 22:00,14,310
2018-09-14 01:00,17,315
2018-09-14 04:00,22,320
2018-09-14 07:00,17,10
2018-09-14 10:00,14,20
2018-09-14 13:00,11,350
2018-09-14 16:00,11,360
2018-09-14 19:00,10,40
2018-09-14 22:00,9,25
2018-09-15 01:00,13,20
2018-09-15 04:00,15,40
2018-09-15 07:00,22,60
2018-09-15 10:00,22,65
2018-09-15 13:00,24,80
2018-09-15 16:00,19,85
2018-09-15 19:00,18,85
2018-09-15 22:00,17,80
2018-09-16 01:00,13,75
2018-09-16 04:00,14,65
2018-09-16 07:00,13,60
2018-09-16 10:00,11,60
2018-09-16 13:00,7,35
2018-09-16 16:00,2,225
2018-09-16 19:00,7,265
2018-09-16 22:00,10,265
2018-09-17 01:00,20,250
2018-09-17 04:00,26,260
2018-09-17 07:00,15,270
2018-09-17 10:00,16,260
2018-09-17 13:00,12,235
2018-09-17 16:00,17,220
2018-09-17 19:00,35,250
2018-09-17 22:00,54,250
2018-09-18 01:00,45,255
2018-09-18 04:00,36,250
2018-09-18 07:00,46,265
2018-09-18 10:00,47,250
2018-09-18 13:00,32,255
2018-09-18 16:00,29,245
2018-09-18 19:00,27,245
2018-09-18 22:00,25,240
2018-09-19 01:00,25,240
2018-09-19 04:00,23,250
2018-09-19 07:00,21,240
2018-09-19 10:00,21,240
2018-09-19 13:00,13,260
2018-09-19 16:00,13,245
2018-09-19 19:00,11,270
2018-09-19 22:00,10,275
2018-09-20 01:00,6,325
2018-09-20 04:00,7,335
2018-09-20 07:00,8,325
2018-09-20 10:00,5,350
2018-09-20 13:00,7,50
2018-09-20 16:00,5,45
2018-09-20 19:00,9,75
2018-09-20 22:00,13,65
2018-09-21 01:00,11,50
2018-09-21 04:00,13,35
2018-09-21 07:00,16,55
2018-09-21 10:00,19,50
2018-09-21 13:00,15,60
2018-09-21 16:00,13,75
2018-09-21 19:00,17,65
2018-09-21 22:00,22,75
2018-09-22 01:00,14,70
2018-09-22 04:00,13,65
2018-09-22 07:00,13,70
2018-09-22 10:00,17,65
2018-09-22 13:00,18,75
2018-09-22 16:00,11,80
2018-09-22 19:00,4,95
2018-09-22 22:00,11,90
2018-09-23 01:00,18,95
2018-09-23 04:00,19,95
2018-09-23 07:00,18,85
2018-09-23 10:00,19,90
2018-09-23 13:00,15,105
2018-09-23 16:00,12,130
2018-09-23 19:00,16,130
2018-09-23 22:00,18,140
2018-09-24 01:00,14,170
2018-09-24 04:00,10,185
2018-09-24 07:00,8,175
2018-09-24 10:00,9,170
2018-09-24 13:00,14,175
2018-09-24 16:00,14,180
2018-09-24 19:00,14,220
2018-09-24 22:00,18,235
2018-09-25 01:00,19,250
2018-09-25 04:00,19,265
2018-09-25 07:00,18,280
2018-09-25 10:00,15,290
2018-09-25 13:00,12,280
2018-09-25 16:00,11,245
2018-09-25 19:00,12,245
2018-09-25 22:00,10,270
2018-09-26 01:00,13,260
2018-09-26 04:00,15,265
2018-09-26 07:00,17,270
2018-09-26 10:00,17,275
2018-09-26 13:00,12,265
2018-09-26 16:00,11,255
2018-09-26 19:00,9,265
2018-09-26 22:00,15,290
2018-09-27 01:00,10,270
2018-09-27 04:00,8,265
2018-09-27 07:00,5,285
2018-09-27 10:00,4,285
2018-09-27 13:00,4,245
2018-09-27 16:00,5,245
2018-09-27 19:00,7,240
2018-09-27 22:00,6,275
2018-09-28 01:00,5,240
2018-09-28 04:00,5,225
2018-09-28 07:00,0,275
2018-09-28 10:00,2,15
2018-09-28 13:00,1,100
2018-09-28 16:00,2,145
2018-09-28 19:00,10,95
2018-09-28 22:00,8,115
2018-09-29 01:00,7,100
2018-09-29 04:00,13,85
2018-09-29 07:00,15,75
2018-09-29 10:00,14,75
2018-09-29 13:00,12,75
2018-09-29 16:00,8,105
2018-09-29 19:00,10,85
2018-09-29 22:00,15,85
2018-09-30 01:00,9,85
2018-09-30 04:00,8,90
2018-09-30 07:00,17,80
2018-09-30 10:00,16,90
2018-09-30 13:00,11,100
2018-09-30 16:00,6,95
2018-09-30 19:00,12,80
2018-09-30 22:00,12,70
2018-10-01 01:00,10,65
2018-10-01 04:00,13,70
2018-10-01 07:00,14,80
2018-10-01 10:00,15,90
2018-10-01 13:00,10,110
2018-10-01 16:00,11,120
2018-10-01 19:00,17,100
2018-10-01 22:00,24,95
2018-10-02 01:00,27,100
2018-10-02 04:00,25,90
2018-10-02 07:00,19,100
2018-10-02 10:00,16,100
2018-10-02 13:00,13,90
2018-10-02 16:00,13,85
2018-10-02 19:00,15,75
2018-10-02 22:00,20,70
2018-10-03 01:00,25,80
2018-10-03 04:00,27,80
2018-10-03 07:00,25,80
2018-10-03 10:00,22,65
2018-10-03 13:00,17,80
2018-10-03 16:00,12,90
2018-10-03 19:00,21,95
2018-10-03 22:00,27,75
2018-10-04 01:00,30,75
2018-10-04 04:00,28,75
2018-10-04 07:00,24,70
2018-10-04 10:00,24,75
2018-10-04 13:00,19,90
2018-10-04 16:00,15,80
2018-10-04 19:00,17,80
2018-10-04 22:00,34,75
2018-10-05 01:00,40,85
2018-10-05 04:00,36,80
2018-10-05 07:00,38,85
2018-10-05 10:00,38,85
2018-10-05 13:00,26,95
2018-10-05 16:00,20,95
2018-10-05 19:00,27,100
2018-10-05 22:00,31,95
2018-10-06 01:00,30,100
2018-10-06 04:00,30,95
2018-10-06 07:00,28,105
2018-10-06 10:00,27,105
2018-10-06 13:00,23,110
2018-10-06 16:00,20,110
2018-10-06 19:00,23,100
2018-10-06 22:00,24,105
2018-10-07 01:00,24,110
2018-10-07 04:00,24,105
2018-10-07 07:00,26,105
2018-10-07 10:00,28,110
2018-10-07 13:00,18,115
2018-10-07 16:00,14,125
2018-10-07 19:00,17,110
2018-10-07 22:00,23,105
2018-10-08 01:00,20,120
2018-10-08 04:00,18,110
2018-10-08 07:00,25,110
2018-10-08 10:00,24,105
2018-10-08 13:00,13,110
2018-10-08 16:00,10,120
2018-10-08 19:00,8,125
2018-10-08 22:00,15,110
2018-10-09 01:00,25,110
2018-10-09 04:00,22,110
2018-10-09 07:00,21,115
2018-10-09 10:00,23,115
2018-10-09 13:00,11,110
2018-10-09 16:00,10,125
2018-10-09 19:00,9,115
2018-10-09 22:00,19,105
2018-10-10 01:00,20,105
2018-10-10 04:00,21,95
2018-10-10 07:00,24,105
2018-10-10 10:00,25,105
2018-10-10 13:00,21,115
2018-10-10 16:00,17,115
2018-10-10 19:00,20,110
2018-10-10 22:00,29,100
2018-10-11 01:00,22,90
2018-10-11 04:00,22,85
2018-10-11 07:00,23,85
2018-10-11 10:00,26,80
2018-10-11 13:00,22,90
2018-10-11 16:00,22,100
2018-10-11 19:00,19,115
2018-10-11 22:00,22,85
2018-10-12 01:00,27,85
2018-10-12 04:00,25,75
2018-10-12 07:00,23,60
2018-10-12 10:00,24,65
2018-10-12 13:00,18,90
2018-10-12 16:00,15,100
2018-10-12 19:00,14,100
2018-10-12 22:00,12,70
2018-10-13 01:00,13,65
2018-10-13 04:00,12,80
2018-10-13 07:00,16,80
2018-10-13 10:00,15,75
2018-10-13 13:00,6,45
2018-10-13 16:00,4,25
2018-10-13 19:00,8,75
2018-10-13 22:00,12,65
2018-10-14 01:00,18,55
2018-10-14 04:00,19,70
2018-10-14 07:00,19,80
2018-10-14 10:00,19,90
2018-10-14 13:00,9,100
2018-10-14 16:00,9,125
2018-10-14 19:00,12,80
2018-10-14 22:00,20,80
2018-10-15 01:00,20,80
2018-10-15 04:00,19,95
2018-10-15 07:00,17,110
2018-10-15 10:00,16,125
2018-10-15 13:00,11,115
2018-10-15 16:00,5,150
2018-10-15 19:00,5,65
2018-10-15 22:00,12,85
2018-10-16 01:00,16,100
2018-10-16 04:00,17,120
2018-10-16 07:00,16,120
2018-10-16 10:00,14,140
2018-10-16 13:00,13,175
2018-10-16 16:00,12,200
2018-10-16 19:00,12,230
2018-10-16 22:00,15,235
2018-10-17 01:00,21,215
2018-10-17 04:00,17,220
2018-10-17 07:00,11,215
2018-10-17 10:00,11,225
2018-10-17 13:00,9,235
2018-10-17 16:00,8,230
2018-10-17 19:00,3,245
2018-10-17 22:00,10,290
2018-10-18 01:00,5,285
2018-10-18 04:00,5,265
2018-10-18 07:00,9,290
2018-10-18 10:00,9,310
2018-10-18 13:00,1,280
2018-10-18 16:00,4,220
2018-10-18 19:00,6,200
2018-10-18 22:00,8,275
2018-10-19 01:00,4,25
2018-10-19 04:00,8,35
2018-10-19 07:00,12,45
2018-10-19 10:00,18,65
2018-10-19 13:00,12,75
2018-10-19 16:00,11,80
2018-10-19 19:00,14,75
2018-10-19 22:00,18,75
2018-10-20 01:00,20,75
2018-10-20 04:00,24,80
2018-10-20 07:00,24,80
2018-10-20 10:00,24,70
2018-10-20 13:00,21,75
2018-10-20 16:00,25,75
2018-10-20 19:00,40,105
2018-10-20 22:00,40,125
2018-10-21 01:00,35,125
2018-10-21 04:00,34,130
2018-10-21 07:00,37,160
2018-10-21 10:00,32,165
2018-10-21 13:00,30,170
2018-10-21 16:00,32,175
2018-10-21 19:00,29,175
2018-10-21 22:00,22,185
2018-10-22 01:00,21,175
2018-10-22 04:00,20,170
2018-10-22 07:00,22,165
2018-10-22 10:00,20,165
2018-10-22 13:00,15,175
2018-10-22 16:00,15,180
2018-10-22 19:00,12,165
2018-10-22 22:00,13,160
2018-10-23 01:00,12,140
2018-10-23 04:00,14,130
2018-10-23 07:00,19,125
2018-10-23 10:00,19,130
2018-10-23 13:00,11,145
2018-10-23 16:00,10,165
2018-10-23 19:00,11,145
2018-10-23 22:00,16,135
2018-10-24 01:00,7,140
2018-10-24 04:00,10,100
2018-10-24 07:00,18,105
2018-10-24 10:00,21,110
2018-10-24 13:00,19,105
2018-10-24 16:00,19,120
2018-10-24 19:00,24,125
2018-10-24 22:00,29,120
2018-10-25 01:00,28,115
2018-10-25 04:00,29,110
2018-10-25 07:00,32,110
2018-10-25 10:00,34,110
2018-10-25 13:00,19,125
2018-10-25 16:00,17,130
2018-10-25 19:00,27,110
2018-10-25 22:00,31,100
2018-10-26 01:00,27,90
2018-10-26 04:00,25,85
2018-10-26 07:00,28,85
2018-10-26 10:00,26,85
2018-10-26 13:00,19,100
2018-10-26 16:00,16,110
2018-10-26 19:00,21,95
2018-10-26 22:00,28,80
2018-10-27 01:00,26,70
2018-10-27 04:00,28,65
2018-10-27 07:00,30,80
2018-10-27 10:00,29,85
2018-10-27 13:00,17,100
2018-10-27 16:00,17,105
2018-10-27 19:00,21,80
2018-10-27 22:00,31,70
2018-10-28 01:00,25,75
2018-10-28 04:00,22,75
2018-10-28 07:00,19,80
2018-10-28 10:00,23,85
2018-10-28 13:00,17,75
2018-10-28 16:00,15,80
2018-10-28 19:00,24,70
2018-10-28 22:00,29,75
2018-10-29 01:00,36,80
2018-10-29 04:00,24,75
2018-10-29 07:00,17,60
2018-10-29 10:00,19,75
2018-10-29 13:00,14,80
2018-10-29 16:00,13,95
2018-10-29 19:00,20,70
2018-10-29 22:00,32,70
2018-10-30 01:00,32,65
2018-10-30 04:00,33,60
2018-10-30 07:00,36,60
2018-10-30 10:00,41,65
2018-10-30 13:00,29,80
2018-10-30 16:00,22,80
2018-10-30 19:00,30,75
2018-10-30 22:00,42,60
2018-10-31 01:00,40,60
2018-10-31 04:00,55,60
2018-10-31 07:00,60,75
2018-10-31 10:00,57,70
2018-10-31 13:00,37,85
2018-10-31 16:00,30,75
2018-10-31 19:00,38,75
2018-10-31 22:00,42,65
2018-11-01 01:00,31,60
2018-11-01 04:00,26,60
2018-11-01 07:00,23,70
2018-11-01 10:00,24,55
2018-11-01 13:00,17,70
2018-11-01 16:00,22,70
2018-11-01 19:00,25,75
2018-11-01 22:00,27,65
2018-11-02 01:00,19,60
2018-11-02 04:00,17,65
2018-11-02 07:00,11,90
2018-11-02 10:00,13,65
2018-11-02 13:00,7,80
2018-11-02 16:00,11,105
2018-11-02 19:00,12,120
2018-11-02 22:00,11,100
2018-11-03 01:00,10,100
2018-11-03 04:00,9,90
2018-11-03 07:00,9,85
2018-11-03 10:00,9,75
2018-11-03 13:00,7,65
2018-11-03 16:00,9,95
2018-11-03 19:00,8,95
2018-11-03 22:00,10,90
2018-11-04 01:00,7,95
2018-11-04 04:00,7,80
2018-11-04 07:00,8,90
2018-11-04 10:00,9,75
2018-11-04 13:00,8,60
2018-11-04 16:00,9,95
2018-11-04 19:00,9,120
2018-11-04 22:00,9,105
2018-11-05 01:00,8,75
2018-11-05 04:00,10,55
2018-11-05 07:00,14,55
2018-11-05 10:00,17,60
2018-11-05 13:00,12,70
2018-11-05 16:00,12,75
2018-11-05 19:00,17,105
2018-11-05 22:00,16,105
2018-11-06 01:00,13,80
2018-11-06 04:00,18,60
2018-11-06 07:00,20,55
2018-11-06 10:00,25,50
2018-11-06 13:00,20,80
2018-11-06 16:00,17,80
2018-11-06 19:00,22,95
2018-11-06 22:00,26,85
2018-11-07 01:00,33,80
2018-11-07 04:00,30,75
2018-11-07 07:00,19,75
2018-11-07 10:00,22,65
2018-11-07 13:00,20,75
2018-11-07 16:00,20,80
2018-11-07 19:00,32,80
2018-11-07 22:00,42,70
2018-11-08 01:00,26,80
2018-11-08 04:00,29,85
2018-11-08 07:00,33,80
2018-11-08 10:00,37,75
2018-11-08 13:00,30,95
2018-11-08 16:00,29,90
2018-11-08 19:00,37,95
2018-11-08 22:00,36,100
2018-11-09 01:00,38,95
2018-11-09 04:00,38,100
2018-11-09 07:00,39,105
2018-11-09 10:00,41,110
2018-11-09 13:00,39,115
2018-11-09 16:00,33,115
2018-11-09 19:00,28,120
2018-11-09 22:00,28,115
2018-11-10 01:00,31,110
2018-11-10 04:00,28,110
2018-11-10 07:00,26,125
2018-11-10 10:00,26,125
2018-11-10 13:00,19,135
2018-11-10 16:00,21,125
2018-11-10 19:00,26,105
2018-11-10 22:00,28,105
2018-11-11 01:00,30,100
2018-11-11 04:00,29,100
2018-11-11 07:00,28,105
2018-11-11 10:00,26,110
2018-11-11 13:00,12,115
2018-11-11 16:00,12,130
2018-11-11 19:00,17,135
2018-11-11 22:00,13,125
2018-11-12 01:00,13,110
2018-11-12 04:00,16,105
2018-11-12 07:00,20,110
2018-11-12 10:00,19,110
2018-11-12 13:00,8,125
2018-11-12 16:00,6,160
2018-11-12 19:00,11,160
2018-11-12 22:00,10,130
2018-11-13 01:00,7,90
2018-11-13 04:00,8,80
2018-11-13 07:00,10,65
2018-11-13 10:00,13,80
2018-11-13 13:00,12,120
2018-11-13 16:00,9,150
2018-11-13 19:00,12,125
2018-11-13 22:00,7,90
2018-11-14 01:00,8,70
2018-11-14 04:00,11,90
2018-11-14 07:00,19,95
2018-11-14 10:00,23,105
2018-11-14 13:00,13,110
2018-11-14 16:00,15,125
2018-11-14 19:00,21,100
2018-11-14 22:00,16,95
2018-11-15 01:00,15,85
2018-11-15 04:00,16,95
2018-11-15 07:00,18,85
2018-11-15 10:00,18,85
2018-11-15 13:00,15,120
2018-11-15 16:00,16,140
2018-11-15 19:00,14,115
2018-11-15 22:00,10,85
2018-11-16 01:00,13,90
2018-11-16 04:00,14,100
2018-11-16 07:00,14,95
2018-11-16 10:00,13,95
2018-11-16 13:00,8,110
2018-11-16 16:00,9,140
2018-11-16 19:00,16,120
2018-11-16 22:00,15,110
2018-11-17 01:00,12,110
2018-11-17 04:00,9,110
2018-11-17 07:00,16,90
2018-11-17 10:00,16,95
2018-11-17 13:00,15,115
2018-11-17 16:00,11,145
2018-11-17 19:00,18,120
2018-11-17 22:00,25,120
2018-11-18 01:00,16,115
2018-11-18 04:00,15,110
2018-11-18 07:00,20,110
2018-11-18 10:00,18,115
2018-11-18 13:00,9,125
2018-11-18 16:00,3,170
2018-11-18 19:00,7,85
2018-11-18 22:00,8,55
2018-11-19 01:00,12,85
2018-11-19 04:00,15,70
2018-11-19 07:00,20,80
2018-11-19 10:00,23,90
2018-11-19 13:00,15,90
2018-11-19 16:00,13,95
2018-11-19 19:00,12,85
2018-11-19 22:00,15,75
2018-11-20 01:00,19,80
2018-11-20 04:00,24,90
2018-11-20 07:00,22,85
2018-11-20 10:00,20,85
2018-11-20 13:00,11,95
2018-11-20 16:00,10,125
2018-11-20 19:00,10,145
2018-11-20 22:00,7,140
2018-11-21 01:00,8,85
2018-11-21 04:00,14,90
2018-11-21 07:00,9,55
2018-11-21 10:00,11,75
2018-11-21 13:00,8,85
2018-11-21 16:00,9,110
2018-11-21 19:00,15,120
2018-11-21 22:00,14,95
2018-11-22 01:00,13,80
2018-11-22 04:00,22,80
2018-11-22 07:00,28,75
2018-11-22 10:00,32,80
2018-11-22 13:00,23,90
2018-11-22 16:00,21,110
2018-11-22 19:00,22,95
2018-11-22 22:00,22,80
2018-11-23 01:00,25,70
2018-11-23 04:00,19,70
2018-11-23 07:00,18,55
2018-11-23 10:00,16,55
2018-11-23 13:00,13,40
2018-11-23 16:00,16,85
2018-11-23 19:00,16,105
2018-11-23 22:00,8,105
2018-11-24 01:00,5,80
2018-11-24 04:00,7,45
2018-11-24 07:00,10,40
2018-11-24 10:00,12,45
2018-11-24 13:00,12,35
2018-11-24 16:00,11,55
2018-11-24 19:00,14,55
2018-11-24 22:00,17,40
2018-11-25 01:00,19,60
2018-11-25 04:00,20,45
2018-11-25 07:00,23,25
2018-11-25 10:00,28,25
2018-11-25 13:00,34,30
2018-11-25 16:00,30,40
2018-11-25 19:00,31,50
2018-11-25 22:00,34,50
2018-11-26 01:00,24,50
2018-11-26 04:00,18,45
2018-11-26 07:00,21,40
2018-11-26 10:00,24,55
2018-11-26 13:00,19,85
2018-11-26 16:00,17,90
2018-11-26 19:00,11,120
2018-11-26 22:00,15,85
2018-11-27 01:00,13,85
2018-11-27 04:00,12,55
2018-11-27 07:00,14,25
2018-11-27 10:00,19,35
2018-11-27 13:00,17,45
2018-11-27 16:00,21,35
2018-11-27 19:00,31,35
2018-11-27 22:00,32,40
2018-11-28 01:00,22,50
2018-11-28 04:00,17,75
2018-11-28 07:00,14,60
2018-11-28 10:00,20,60
2018-11-28 13:00,14,75
2018-11-28 16:00,13,85
2018-11-28 19:00,16,90
2018-11-28 22:00,19,90
2018-11-29 01:00,24,110
2018-11-29 04:00,25,100
2018-11-29 07:00,23,110
2018-11-29 10:00,27,105
2018-11-29 13:00,19,110
2018-11-29 16:00,16,110
2018-11-29 19:00,17,120
2018-11-29 22:00,14,85
2018-11-30 01:00,16,65
2018-11-30 04:00,21,65
2018-11-30 07:00,20,70
2018-11-30 10:00,17,70
2018-11-30 13:00,10,100
2018-11-30 16:00,11,105
2018-11-30 19:00,16,130
2018-11-30 22:00,14,120
2018-12-01 01:00,21,100
2018-12-01 04:00,23,95
2018-12-01 07:00,23,85
2018-12-01 10:00,20,90
2018-12-01 13:00,13,85
2018-12-01 16:00,11,95
2018-12-01 19:00,6,90
2018-12-01 22:00,8,95
2018-12-02 01:00,16,75
2018-12-02 04:00,19,70
2018-12-02 07:00,21,80
2018-12-02 10:00,22,90
2018-12-02 13:00,15,100
2018-12-02 16:00,13,110
2018-12-02 19:00,17,120
2018-12-02 22:00,17,125
2018-12-03 01:00,17,90
2018-12-03 04:00,20,75
2018-12-03 07:00,23,60
2018-12-03 10:00,26,75
2018-12-03 13:00,23,90
2018-12-03 16:00,15,85
2018-12-03 19:00,20,110
2018-12-03 22:00,17,95
2018-12-04 01:00,22,70
2018-12-04 04:00,26,75
2018-12-04 07:00,27,75
2018-12-04 10:00,27,75
2018-12-04 13:00,19,70
2018-12-04 16:00,15,80
2018-12-04 19:00,18,100
2018-12-04 22:00,22,75
2018-12-05 01:00,24,75
2018-12-05 04:00,21,85
2018-12-05 07:00,18,95
2018-12-05 10:00,16,85
2018-12-05 13:00,14,75
2018-12-05 16:00,12,85
2018-12-05 19:00,11,95
2018-12-05 22:00,7,80
2018-12-06 01:00,11,55
2018-12-06 04:00,19,60
2018-12-06 07:00,20,70
2018-12-06 10:00,17,80
2018-12-06 13:00,16,85
2018-12-06 16:00,11,85
2018-12-06 19:00,20,105
2018-12-06 22:00,15,110
2018-12-07 01:00,20,75
2018-12-07 04:00,25,75
2018-12-07 07:00,24,75
2018-12-07 10:00,23,85
2018-12-07 13:00,15,95
2018-12-07 16:00,15,105
2018-12-07 19:00,16,110
2018-12-07 22:00,26,110
2018-12-08 01:00,33,105
2018-12-08 04:00,32,105
2018-12-08 07:00,32,105
2018-12-08 10:00,29,100
2018-12-08 13:00,26,95
2018-12-08 16:00,29,85
2018-12-08 19:00,28,75
2018-12-08 22:00,29,70
2018-12-09 01:00,26,85
2018-12-09 04:00,30,90
2018-12-09 07:00,32,100
2018-12-09 10:00,39,105
2018-12-09 13:00,22,105
2018-12-09 16:00,16,100
2018-12-09 19:00,18,100
2018-12-09 22:00,25,95
2018-12-10 01:00,24,100
2018-12-10 04:00,18,90
2018-12-10 07:00,14,80
2018-12-10 10:00,20,75
2018-12-10 13:00,12,95
2018-12-10 16:00,10,100
2018-12-10 19:00,19,105
2018-12-10 22:00,21,95
2018-12-11 01:00,22,75
2018-12-11 04:00,22,75
2018-12-11 07:00,17,70
2018-12-11 10:00,20,85
2018-12-11 13:00,13,95
2018-12-11 16:00,13,95
2018-12-11 19:00,20,110
2018-12-11 22:00,24,95
2018-12-12 01:00,27,95
2018-12-12 04:00,26,105
2018-12-12 07:00,26,105
2018-12-12 10:00,31,105
2018-12-12 13:00,23,105
2018-12-12 16:00,22,85
2018-12-12 19:00,25,90
2018-12-12 22:00,31,90
2018-12-13 01:00,26,105
2018-12-13 04:00,29,100
2018-12-13 07:00,26,95
2018-12-13 10:00,27,90
2018-12-13 13:00,20,85
2018-12-13 16:00,20,90
2018-12-13 19:00,26,95
2018-12-13 22:00,25,85
2018-12-14 01:00,16,90
2018-12-14 04:00,25,90
2018-12-14 07:00,26,85
2018-12-14 10:00,33,85
2018-12-14 13:00,33,90
2018-12-14 16:00,22,85
2018-12-14 19:00,39,95
2018-12-14 22:00,37,90
2018-12-15 01:00,24,90
2018-12-15 04:00,25,85
2018-12-15 07:00,29,90
2018-12-15 10:00,33,90
2018-12-15 13:00,28,80
2018-12-15 16:00,28,85
2018-12-15 19:00,31,90
2018-12-15 22:00,36,80
2018-12-16 01:00,30,80
2018-12-16 04:00,31,80
2018-12-16 07:00,34,85
2018-12-16 10:00,39,85
2018-12-16 13:00,39,85
2018-12-16 16:00,41,85
2018-12-16 19:00,41,85
2018-12-16 22:00,37,75
2018-12-17 01:00,27,85
2018-12-17 04:00,23,80
2018-12-17 07:00,20,60
2018-12-17 10:00,22,70
2018-12-17 13:00,16,80
2018-12-17 16:00,16,90
2018-12-17 19:00,26,100
2018-12-17 22:00,27,90
2018-12-18 01:00,25,85
2018-12-18 04:00,19,95
2018-12-18 07:00,19,95
2018-12-18 10:00,19,85
2018-12-18 13:00,11,85
2018-12-18 16:00,9,100
2018-12-18 19:00,17,125
2018-12-18 22:00,13,115
2018-12-19 01:00,6,60
2018-12-19 04:00,9,60
2018-12-19 07:00,8,55
2018-12-19 10:00,9,75
2018-12-19 13:00,7,100
2018-12-19 16:00,4,120
2018-12-19 19:00,9,145
2018-12-19 22:00,10,145
2018-12-20 01:00,2,190
2018-12-20 04:00,0,175
2018-12-20 07:00,4,205
2018-12-20 10:00,1,235
2018-12-20 13:00,4,310
2018-12-20 16:00,5,320
2018-12-20 19:00,4,335
2018-12-20 22:00,11,360
2018-12-21 01:00,11,5
2018-12-21 04:00,10,20
2018-12-21 07:00,6,20
2018-12-21 10:00,7,20
2018-12-21 13:00,6,15
2018-12-21 16:00,5,350
2018-12-21 19:00,5,5
2018-12-21 22:00,7,15
2018-12-22 01:00,13,25
2018-12-22 04:00,12,35
2018-12-22 07:00,9,40
2018-12-22 10:00,9,45
2018-12-22 13:00,9,35
2018-12-22 16:00,11,20
2018-12-22 19:00,17,45
2018-12-22 22:00,24,50
2018-12-23 01:00,23,35
2018-12-23 04:00,24,40
2018-12-23 07:00,29,70
2018-12-23 10:00,27,80
2018-12-23 13:00,17,65
2018-12-23 16:00,16,50
2018-12-23 19:00,19,65
2018-12-23 22:00,22,70
2018-12-24 01:00,21,60
2018-12-24 04:00,21,40
2018-12-24 07:00,21,25
2018-12-24 10:00,25,30
2018-12-24 13:00,25,15
2018-12-24 16:00,24,35
2018-12-24 19:00,19,30
2018-12-24 22:00,23,40
2018-12-25 01:00,18,40
2018-12-25 04:00,15,45
2018-12-25 07:00,13,360
2018-12-25 10:00,14,355
2018-12-25 13:00,11,355
2018-12-25 16:00,8,345
2018-12-25 19:00,6,325
2018-12-25 22:00,17,335
2018-12-26 01:00,14,320
2018-12-26 04:00,10,355
2018-12-26 07:00,11,25
2018-12-26 10:00,11,35
2018-12-26 13:00,3,45
2018-12-26 16:00,2,300
2018-12-26 19:00,8,245
2018-12-26 22:00,12,305
2018-12-27 01:00,11,355
2018-12-27 04:00,10,35
2018-12-27 07:00,10,75
2018-12-27 10:00,11,90
2018-12-27 13:00,6,120
2018-12-27 16:00,1,55
2018-12-27 19:00,11,110
2018-12-27 22:00,12,125
2018-12-28 01:00,12,110
2018-12-28 04:00,16,100
2018-12-28 07:00,21,100
2018-12-28 10:00,22,100
2018-12-28 13:00,16,110
2018-12-28 16:00,13,110
2018-12-28 19:00,15,115
2018-12-28 22:00,15,100
2018-12-29 01:00,19,115
2018-12-29 04:00,21,135
2018-12-29 07:00,23,145
2018-12-29 10:00,27,140
2018-12-29 13:00,16,140
2018-12-29 16:00,15,135
2018-12-29 19:00,16,140
2018-12-29 22:00,17,110
2018-12-30 01:00,24,115
2018-12-30 04:00,23,110
2018-12-30 07:00,22,115
2018-12-30 10:00,21,120
2018-12-30 13:00,11,125
2018-12-30 16:00,13,115
2018-12-30 19:00,26,105
2018-12-30 22:00,25,95
2018-12-31 01:00,12,115
2018-12-31 04:00,8,110
2018-12-31 07:00,6,55
2018-12-31 10:00,9,25
2018-12-31 13:00,12,45
2018-12-31 16:00,12,60
2018-12-31 19:00,15,85
2018-12-31 22:00,13,75
